种子,阶段,拍,机身高,累计路程,走路链亮,前额叶亮,听觉亮,歪角
20260914,出生,1,0.1018,0.0015,0,166,3,4.8
20260914,出生,2,0.1055,0.0026,0,155,3,5.6
20260914,出生,3,0.1119,0.0038,0,157,4,6.4
20260914,出生,4,0.1160,0.0041,0,159,5,5.3
20260914,出生,5,0.1172,0.0053,0,167,6,4.1
20260914,出生,6,0.1141,0.0062,0,167,5,2.7
20260914,出生,7,0.1080,0.0075,0,171,5,2.0
20260914,出生,8,0.1001,0.0085,0,170,5,1.9
20260914,出生,9,0.0986,0.0095,0,175,5,2.3
20260914,出生,10,0.1001,0.0101,0,175,5,2.0
20260914,出生,11,0.1007,0.0109,0,178,5,1.5
20260914,出生,12,0.1004,0.0113,0,181,5,1.5
20260914,出生,13,0.1022,0.0124,0,176,5,1.7
20260914,出生,14,0.1042,0.0133,0,186,5,1.7
20260914,出生,15,0.1072,0.0143,0,192,6,1.8
20260914,出生,16,0.1131,0.0152,0,183,6,1.4
20260914,出生,17,0.1220,0.0158,0,187,8,2.5
20260914,出生,18,0.1283,0.0169,0,191,9,1.4
20260914,出生,19,0.1322,0.0180,0,189,9,1.2
20260914,出生,20,0.1327,0.0189,0,202,8,1.8
20260914,出生,21,0.1313,0.0196,0,201,8,1.6
20260914,出生,22,0.1321,0.0209,0,199,8,1.7
20260914,出生,23,0.1377,0.0216,0,190,9,1.0
20260914,出生,24,0.1449,0.0231,0,207,9,2.2
20260914,出生,25,0.1540,0.0243,0,196,9,2.3
20260914,出生,26,0.1599,0.0251,0,212,9,3.5
20260914,出生,27,0.1630,0.0257,0,201,9,4.1
20260914,出生,28,0.1640,0.0274,0,211,9,4.4
20260914,出生,29,0.1640,0.0288,0,213,9,3.6
20260914,出生,30,0.1643,0.0319,0,221,9,3.6
20260914,天生,1,0.2607,0.0028,1,91,0,5.9
20260914,天生,2,0.2565,0.0040,1,91,0,6.0
20260914,天生,3,0.2505,0.0047,1,89,0,6.4
20260914,天生,4,0.2543,0.0079,1,92,0,6.1
20260914,天生,5,0.2651,0.0111,1,92,0,5.9
20260914,天生,6,0.2772,0.0146,1,89,0,4.7
20260914,天生,7,0.2887,0.0168,1,91,0,4.3
20260914,天生,8,0.2995,0.0184,1,92,0,6.3
20260914,天生,9,0.3089,0.0207,1,92,0,7.7
20260914,天生,10,0.3174,0.0242,1,92,0,8.9
20260914,天生,11,0.3249,0.0289,1,92,0,10.2
20260914,天生,12,0.3319,0.0345,1,92,0,11.2
20260914,天生,13,0.3385,0.0400,1,92,0,11.0
20260914,天生,14,0.3434,0.0452,1,92,0,10.8
20260914,天生,15,0.3472,0.0501,1,92,0,11.0
20260914,天生,16,0.3499,0.0550,1,92,0,11.1
20260914,天生,17,0.3516,0.0601,1,92,0,10.7
20260914,天生,18,0.3528,0.0655,1,92,0,10.2
20260914,天生,19,0.3535,0.0717,1,92,0,9.7
20260914,天生,20,0.3526,0.0787,1,91,0,9.6
20260914,天生,21,0.3501,0.0855,1,91,0,9.7
20260914,天生,22,0.3461,0.0932,1,92,0,10.6
20260914,天生,23,0.3401,0.1023,1,92,0,11.4
20260914,天生,24,0.3360,0.1108,1,93,0,10.9
20260914,天生,25,0.3354,0.1180,1,92,0,10.2
20260914,天生,26,0.3385,0.1240,1,92,0,9.5
20260914,天生,27,0.3428,0.1290,1,92,0,8.9
20260914,天生,28,0.3470,0.1332,1,92,0,7.6
20260914,天生,29,0.3500,0.1381,1,92,0,5.9
20260914,天生,30,0.3515,0.1439,1,92,0,4.1
20260914,教学,1,0.2607,0.0028,1,75,6,5.9
20260914,教学,2,0.2565,0.0040,1,75,6,6.0
20260914,教学,3,0.2491,0.0053,1,75,6,7.4
20260914,教学,4,0.2479,0.0081,1,75,6,5.8
20260914,教学,5,0.2511,0.0128,1,75,6,4.9
20260914,教学,6,0.2538,0.0184,1,75,6,2.9
20260914,教学,7,0.2549,0.0237,1,75,6,1.7
20260914,教学,8,0.2561,0.0296,1,75,6,3.5
20260914,教学,9,0.2578,0.0356,1,75,6,5.0
20260914,教学,10,0.2605,0.0423,1,75,6,5.7
20260914,教学,11,0.2654,0.0493,1,75,6,6.3
20260914,教学,12,0.2722,0.0562,1,75,6,7.2
20260914,教学,13,0.2796,0.0623,1,75,6,8.2
20260914,教学,14,0.2870,0.0665,1,75,7,10.0
20260914,教学,15,0.2947,0.0698,1,75,8,12.4
20260914,教学,16,0.3024,0.0737,1,75,8,14.5
20260914,教学,17,0.3094,0.0785,1,75,8,16.1
20260914,教学,18,0.3163,0.0840,1,75,9,17.5
20260914,教学,19,0.3236,0.0896,1,75,9,18.3
20260914,教学,20,0.3304,0.0943,1,75,9,19.2
20260914,教学,21,0.3350,0.0989,1,75,9,19.5
20260914,教学,22,0.3373,0.1027,1,75,10,20.4
20260914,教学,23,0.3386,0.1050,1,75,10,21.5
20260914,教学,24,0.3393,0.1058,1,75,10,22.4
20260914,教学,25,0.3397,0.1065,1,75,10,23.0
20260914,教学,26,0.3377,0.1082,1,75,10,22.6
20260914,教学,27,0.3345,0.1097,1,75,10,22.5
20260914,教学,28,0.3314,0.1113,1,75,10,22.0
20260914,教学,29,0.3293,0.1121,1,76,10,21.8
20260914,教学,30,0.3276,0.1129,1,76,10,21.9
20260914,教学,31,0.3257,0.1145,1,77,11,22.1
20260914,教学,32,0.3237,0.1172,1,77,11,22.0
20260914,教学,33,0.3228,0.1204,1,77,11,21.7
20260914,教学,34,0.3234,0.1235,1,77,11,21.1
20260914,教学,35,0.3243,0.1260,1,77,11,20.7
20260914,教学,36,0.3240,0.1281,1,77,11,20.3
20260914,教学,37,0.3221,0.1301,1,77,12,20.4
20260914,教学,38,0.3200,0.1321,1,77,12,20.3
20260914,教学,39,0.3181,0.1346,1,77,12,20.1
20260914,教学,40,0.3170,0.1370,1,77,13,19.4
20260914,教学,41,0.3172,0.1400,1,77,12,18.9
20260914,教学,42,0.3187,0.1434,1,77,13,18.4
20260914,教学,43,0.3209,0.1468,1,77,13,17.7
20260914,教学,44,0.3231,0.1511,1,77,13,17.4
20260914,教学,45,0.3250,0.1557,1,77,13,17.2
20260914,教学,46,0.3263,0.1606,1,77,13,16.9
20260914,教学,47,0.3266,0.1663,1,77,13,16.5
20260914,教学,48,0.3271,0.1723,1,77,13,16.0
20260914,教学,49,0.3290,0.1781,1,77,13,15.0
20260914,教学,50,0.3305,0.1847,1,77,13,14.2
20260914,教学,51,0.3310,0.1909,1,77,13,13.4
20260914,教学,52,0.3293,0.1985,1,77,14,13.5
20260914,教学,53,0.3263,0.2070,1,77,14,13.5
20260914,教学,54,0.3241,0.2160,1,77,16,12.9
20260914,教学,55,0.3260,0.2243,1,77,16,12.5
20260914,教学,56,0.3304,0.2316,1,77,16,11.9
20260914,教学,57,0.3357,0.2393,1,77,15,11.9
20260914,教学,58,0.3409,0.2466,1,77,15,10.8
20260914,教学,59,0.3448,0.2546,1,77,15,9.8
20260914,教学,60,0.3472,0.2634,1,77,15,8.8
20260914,教学,61,0.3480,0.2730,1,77,15,7.9
20260914,教学,62,0.3473,0.2833,1,77,15,6.8
20260914,教学,63,0.3452,0.2955,1,77,15,6.1
20260914,教学,64,0.3429,0.3080,1,77,15,4.8
20260914,教学,65,0.3387,0.3210,1,77,15,3.5
20260914,教学,66,0.3381,0.3322,1,77,15,2.3
20260914,教学,67,0.3413,0.3437,1,77,16,2.9
20260914,教学,68,0.3438,0.3546,1,77,16,2.0
20260914,教学,69,0.3439,0.3665,1,77,16,2.4
20260914,教学,70,0.3408,0.3775,1,77,16,2.3
20260914,教学,71,0.3367,0.3886,1,77,16,2.1
20260914,教学,72,0.3354,0.3995,1,78,16,2.7
20260914,教学,73,0.3366,0.4082,1,78,16,4.6
20260914,教学,74,0.3375,0.4165,1,78,16,5.2
20260914,教学,75,0.3355,0.4243,1,78,16,5.6
20260914,教学,76,0.3310,0.4319,1,78,16,5.5
20260914,教学,77,0.3269,0.4394,1,78,16,6.5
20260914,教学,78,0.3265,0.4482,1,78,16,7.6
20260914,教学,79,0.3259,0.4564,1,78,16,8.2
20260914,教学,80,0.3239,0.4645,1,78,16,7.3
20260914,教学,81,0.3214,0.4720,1,78,16,4.7
20260914,教学,82,0.3208,0.4798,1,78,16,2.8
20260914,教学,83,0.3226,0.4859,1,78,16,4.0
20260914,教学,84,0.3250,0.4918,1,78,17,4.4
20260914,教学,85,0.3272,0.4966,1,78,17,5.3
20260914,教学,86,0.3291,0.5006,1,78,18,5.1
20260914,教学,87,0.3305,0.5028,1,78,18,5.6
20260914,教学,88,0.3311,0.5048,1,78,18,7.1
20260914,教学,89,0.3298,0.5072,1,78,18,8.3
20260914,教学,90,0.3262,0.5101,1,78,18,9.2
20260914,教学,91,0.3242,0.5117,1,78,18,9.5
20260914,教学,92,0.3244,0.5152,1,78,18,9.0
20260914,教学,93,0.3261,0.5202,1,78,18,9.0
20260914,教学,94,0.3262,0.5256,1,78,18,9.9
20260914,教学,95,0.3247,0.5320,1,78,18,9.1
20260914,教学,96,0.3218,0.5381,1,78,18,6.8
20260914,教学,97,0.3188,0.5445,1,78,18,4.4
20260914,教学,98,0.3180,0.5512,1,78,18,5.2
20260914,教学,99,0.3179,0.5566,1,78,20,6.4
20260914,教学,100,0.3168,0.5620,1,78,19,7.5
20260914,教学,101,0.3164,0.5657,1,78,20,7.7
20260914,教学,102,0.3170,0.5695,1,78,20,6.8
20260914,教学,103,0.3177,0.5729,1,78,19,7.2
20260914,教学,104,0.3184,0.5760,1,78,19,7.6
20260914,教学,105,0.3192,0.5792,1,78,19,8.8
20260914,教学,106,0.3206,0.5833,1,78,20,9.0
20260914,教学,107,0.3218,0.5883,1,78,21,9.3
20260914,教学,108,0.3235,0.5949,1,78,21,9.2
20260914,教学,109,0.3255,0.6029,1,78,21,8.9
20260914,教学,110,0.3271,0.6116,1,78,22,8.0
20260914,教学,111,0.3280,0.6196,1,78,21,5.4
20260914,教学,112,0.3286,0.6287,1,78,21,4.1
20260914,教学,113,0.3304,0.6368,1,78,23,4.9
20260914,教学,114,0.3322,0.6453,1,78,24,5.4
20260914,教学,115,0.3331,0.6536,1,78,23,5.1
20260914,教学,116,0.3337,0.6618,1,78,25,4.5
20260914,教学,117,0.3347,0.6697,1,78,23,4.3
20260914,教学,118,0.3363,0.6754,1,78,24,5.6
20260914,教学,119,0.3367,0.6812,1,78,24,5.8
20260914,教学,120,0.3341,0.6870,1,78,25,6.4
20260914,教学,121,0.3316,0.6938,1,78,25,6.4
20260914,教学,122,0.3313,0.7021,2,78,25,6.1
20260914,教学,123,0.3337,0.7117,1,78,25,5.9
20260914,教学,124,0.3346,0.7211,2,78,25,7.6
20260914,教学,125,0.3350,0.7313,2,78,26,6.2
20260914,教学,126,0.3366,0.7412,2,78,26,3.7
20260914,教学,127,0.3392,0.7528,2,78,27,2.5
20260914,教学,128,0.3434,0.7659,2,78,28,2.8
20260914,教学,129,0.3487,0.7795,2,78,29,2.7
20260914,教学,130,0.3541,0.7942,2,78,30,2.7
20260914,教学,131,0.3588,0.8098,2,78,31,2.3
20260914,教学,132,0.3619,0.8267,2,78,32,2.1
20260914,教学,133,0.3626,0.8439,2,78,31,1.6
20260914,教学,134,0.3611,0.8614,2,78,32,0.9
20260914,教学,135,0.3595,0.8794,2,78,32,0.4
20260914,教学,136,0.3591,0.8969,2,78,32,0.3
20260914,教学,137,0.3593,0.9132,2,78,33,1.1
20260914,教学,138,0.3593,0.9288,2,78,33,1.4
20260914,教学,139,0.3580,0.9437,2,78,34,2.2
20260914,教学,140,0.3553,0.9581,2,78,36,2.4
20260914,教学,141,0.3540,0.9712,2,78,36,3.5
20260914,教学,142,0.3520,0.9841,2,78,36,4.5
20260914,教学,143,0.3480,0.9966,2,78,35,5.7
20260914,教学,144,0.3431,1.0092,2,78,35,6.4
20260914,教学,145,0.3390,1.0209,2,78,36,7.6
20260914,教学,146,0.3349,1.0319,2,78,38,8.9
20260914,教学,147,0.3324,1.0428,2,78,37,9.4
20260914,教学,148,0.3328,1.0531,2,78,38,9.9
20260914,教学,149,0.3339,1.0634,2,78,37,10.2
20260914,教学,150,0.3343,1.0730,2,78,39,10.2
20260914,教学,151,0.3341,1.0818,2,78,40,10.4
20260914,教学,152,0.3335,1.0899,2,78,40,11.7
20260914,教学,153,0.3332,1.0979,2,78,40,12.7
20260914,教学,154,0.3326,1.1058,2,78,41,13.8
20260914,教学,155,0.3320,1.1141,2,78,44,15.3
20260914,教学,156,0.3319,1.1232,2,78,44,17.0
20260914,教学,157,0.3310,1.1329,2,78,46,19.1
20260914,教学,158,0.3283,1.1428,2,78,46,22.2
20260914,教学,159,0.3246,1.1535,2,78,46,24.5
20260914,教学,160,0.3204,1.1645,2,78,45,26.5
20260914,教学,161,0.3157,1.1755,2,78,46,29.0
20260914,教学,162,0.3119,1.1880,2,78,46,30.7
20260914,教学,163,0.3096,1.2024,2,78,46,32.0
20260914,教学,164,0.3067,1.2178,2,78,48,33.5
20260914,教学,165,0.3016,1.2336,2,78,49,34.6
20260914,教学,166,0.2946,1.2492,2,78,49,36.2
20260914,教学,167,0.2862,1.2649,2,78,49,39.2
20260914,教学,168,0.2767,1.2815,2,78,50,42.1
20260914,教学,169,0.2654,1.2988,2,78,50,45.7
20260914,教学,170,0.2533,1.3161,2,78,50,49.5
20260914,教学,171,0.2522,1.3323,2,78,49,52.3
20260914,教学,172,0.2520,1.3484,2,78,51,55.0
20260914,教学,173,0.2497,1.3647,2,78,51,58.3
20260914,教学,174,0.2462,1.3817,2,78,52,61.1
20260914,教学,175,0.2464,1.3984,2,78,51,63.4
20260914,教学,176,0.2466,1.4150,2,78,52,66.4
20260914,教学,177,0.2454,1.4321,2,78,52,69.7
20260914,教学,178,0.2424,1.4497,2,78,52,73.1
20260914,教学,179,0.2376,1.4676,2,78,53,76.5
20260914,教学,180,0.2312,1.4857,2,78,53,78.7
20260914,教学,181,0.2229,1.5039,2,78,52,81.0
20260914,教学,182,0.2128,1.5219,2,78,52,83.9
20260914,教学,183,0.2009,1.5405,2,78,53,85.8
20260914,教学,184,0.1869,1.5601,2,78,53,87.3
20260914,教学,185,0.1712,1.5798,3,78,54,88.8
20260914,教学,186,0.1544,1.5995,2,78,53,89.8
20260914,教学,187,0.1523,1.6091,3,78,53,90.4
20260914,教学,188,0.1575,1.6126,3,78,53,91.8
20260914,教学,189,0.1613,1.6156,3,78,55,92.5
20260914,教学,190,0.1628,1.6186,3,78,53,93.0
20260914,教学,191,0.1619,1.6211,3,78,55,94.4
20260914,教学,192,0.1590,1.6240,3,78,55,95.2
20260914,教学,193,0.1551,1.6278,3,78,55,95.9
20260914,教学,194,0.1544,1.6287,3,78,55,97.6
20260914,教学,195,0.1546,1.6295,3,78,57,98.3
20260914,教学,196,0.1551,1.6299,3,78,57,98.7
20260914,教学,197,0.1553,1.6301,3,78,57,99.5
20260914,教学,198,0.1550,1.6306,3,78,57,99.4
20260914,教学,199,0.1552,1.6310,3,78,59,99.2
20260914,教学,200,0.1554,1.6315,3,78,60,98.8
20260914,考试,1,0.1018,0.0015,1,463,38,4.8
20260914,考试,2,0.1055,0.0026,2,439,40,5.6
20260914,考试,3,0.1155,0.0045,1,441,42,5.1
20260914,考试,4,0.1314,0.0072,2,444,41,4.7
20260914,考试,5,0.1509,0.0121,2,433,41,4.7
20260914,考试,6,0.1731,0.0192,2,429,42,4.8
20260914,考试,7,0.1971,0.0283,2,447,42,5.4
20260914,考试,8,0.2218,0.0399,2,449,41,6.5
20260914,考试,9,0.2460,0.0538,2,458,41,7.2
20260914,考试,10,0.2707,0.0670,2,459,41,5.9
20260914,考试,11,0.2934,0.0793,2,465,41,3.2
20260914,考试,12,0.3127,0.0916,2,493,42,1.1
20260914,考试,13,0.3292,0.1031,2,501,42,2.3
20260914,考试,14,0.3421,0.1144,2,489,42,4.8
20260914,考试,15,0.3521,0.1262,2,480,43,6.5
20260914,考试,16,0.3593,0.1376,2,486,44,8.3
20260914,考试,17,0.3638,0.1486,2,487,42,10.2
20260914,考试,18,0.3658,0.1599,2,486,44,11.4
20260914,考试,19,0.3658,0.1715,2,498,42,12.3
20260914,考试,20,0.3649,0.1827,2,462,42,13.1
20260914,考试,21,0.3642,0.1940,2,465,43,14.0
20260914,考试,22,0.3624,0.2057,2,462,43,14.7
20260914,考试,23,0.3584,0.2175,2,470,43,15.3
20260914,考试,24,0.3535,0.2298,2,474,44,15.7
20260914,考试,25,0.3485,0.2423,2,480,43,16.1
20260914,考试,26,0.3431,0.2543,2,477,43,16.9
20260914,考试,27,0.3377,0.2660,2,486,44,18.1
20260914,考试,28,0.3321,0.2777,2,494,43,19.4
20260914,考试,29,0.3268,0.2893,2,494,43,21.1
20260914,考试,30,0.3228,0.3021,2,491,43,21.8
20260914,考试,31,0.3200,0.3152,2,491,45,22.6
20260914,考试,32,0.3173,0.3287,2,490,45,24.3
20260914,考试,33,0.3146,0.3432,2,483,47,25.8
20260914,考试,34,0.3110,0.3579,2,486,45,27.6
20260914,考试,35,0.3066,0.3732,2,482,44,30.1
20260914,考试,36,0.3015,0.3897,2,484,45,33.0
20260914,考试,37,0.2938,0.4067,2,493,45,36.3
20260914,考试,38,0.2836,0.4234,2,491,46,40.7
20260914,考试,39,0.2710,0.4408,2,486,47,44.2
20260914,考试,40,0.2576,0.4594,2,484,46,47.9
20260914,考试,41,0.2551,0.4766,2,485,46,51.5
20260914,考试,42,0.2560,0.4939,2,495,48,55.0
20260914,考试,43,0.2560,0.5122,2,499,46,58.7
20260914,考试,44,0.2534,0.5308,2,505,47,62.7
20260914,考试,45,0.2512,0.5485,2,522,46,66.0
20260914,考试,46,0.2518,0.5654,2,500,48,68.5
20260914,考试,47,0.2515,0.5814,2,495,50,71.6
20260914,考试,48,0.2496,0.5977,2,512,50,74.0
20260914,考试,49,0.2458,0.6143,2,517,48,76.2
20260914,考试,50,0.2405,0.6314,2,492,47,78.5
20260914,考试,51,0.2338,0.6487,2,494,47,80.3
20260914,考试,52,0.2255,0.6657,2,481,47,82.2
20260914,考试,53,0.2155,0.6831,2,494,47,84.7
20260914,考试,54,0.2036,0.7009,2,492,48,86.5
20260914,考试,55,0.1898,0.7189,2,474,47,88.1
20260914,考试,56,0.1736,0.7373,2,479,45,90.7
20260914,考试,57,0.1560,0.7556,2,481,46,93.2
20260914,考试,58,0.1513,0.7653,2,492,46,95.2
20260914,考试,59,0.1569,0.7682,2,507,48,96.6
20260914,考试,60,0.1612,0.7703,2,520,48,97.3
20260914,考试,61,0.1630,0.7727,2,511,48,98.7
20260914,考试,62,0.1629,0.7747,2,499,50,99.8
20260914,考试,63,0.1609,0.7781,2,511,50,100.2
20260914,考试,64,0.1570,0.7824,2,508,51,100.8
20260914,考试,65,0.1534,0.7856,2,515,49,101.3
20260914,考试,66,0.1537,0.7870,2,509,49,101.0
20260914,考试,67,0.1546,0.7879,2,514,50,100.4
20260914,考试,68,0.1551,0.7883,2,513,50,100.6
20260914,考试,69,0.1555,0.7887,2,502,50,99.9
20260914,考试,70,0.1558,0.7895,2,492,49,99.0
20260914,考试,71,0.1555,0.7919,2,493,50,99.3
20260914,考试,72,0.1551,0.7950,2,491,50,99.5
20260914,考试,73,0.1550,0.7982,2,500,50,99.2
20260914,考试,74,0.1548,0.8015,2,509,50,98.7
20260914,考试,75,0.1551,0.8047,2,517,50,97.2
20260914,考试,76,0.1553,0.8073,2,509,49,95.9
20260914,考试,77,0.1556,0.8107,2,502,51,95.0
20260914,考试,78,0.1557,0.8148,2,514,51,93.0
20260914,考试,79,0.1556,0.8191,2,515,50,91.0
20260914,考试,80,0.1554,0.8236,2,512,49,88.9
20260914,考试,81,0.1555,0.8270,2,511,49,86.4
20260914,考试,82,0.1551,0.8308,2,512,51,84.2
20260914,考试,83,0.1549,0.8342,2,512,50,82.9
20260914,考试,84,0.1549,0.8368,2,506,51,81.4
20260914,考试,85,0.1544,0.8395,2,495,49,79.9
20260914,考试,86,0.1547,0.8410,2,499,49,79.9
20260914,考试,87,0.1554,0.8417,2,518,50,81.5
20260914,考试,88,0.1550,0.8424,2,501,50,83.5
20260914,考试,89,0.1548,0.8436,2,492,51,85.1
20260914,考试,90,0.1550,0.8453,2,507,50,86.0
20260914,考试,91,0.1554,0.8477,2,506,50,86.6
20260914,考试,92,0.1553,0.8490,2,507,52,87.7
20260914,考试,93,0.1556,0.8495,2,522,51,87.6
20260914,考试,94,0.1553,0.8504,2,517,53,87.5
20260914,考试,95,0.1554,0.8513,2,521,50,87.4
20260914,考试,96,0.1555,0.8523,2,514,50,86.9
20260914,考试,97,0.1555,0.8525,2,524,51,86.2
20260914,考试,98,0.1555,0.8531,2,511,51,86.3
20260914,考试,99,0.1556,0.8541,2,500,51,85.4
20260914,考试,100,0.1553,0.8555,2,492,50,84.3
20260914,考试,101,0.1552,0.8586,2,495,49,84.2
20260914,考试,102,0.1551,0.8623,2,494,50,84.3
20260914,考试,103,0.1551,0.8650,2,504,50,84.4
20260914,考试,104,0.1554,0.8654,2,501,50,84.9
20260914,考试,105,0.1554,0.8668,2,510,50,85.6
20260914,考试,106,0.1549,0.8690,2,507,51,86.1
20260914,考试,107,0.1551,0.8702,2,502,53,87.2
20260914,考试,108,0.1556,0.8705,2,532,52,87.1
20260914,考试,109,0.1552,0.8715,2,527,54,86.9
20260914,考试,110,0.1552,0.8724,2,533,52,86.8
20260914,考试,111,0.1554,0.8736,2,520,52,86.3
20260914,考试,112,0.1554,0.8740,2,529,54,85.7
20260914,考试,113,0.1554,0.8745,2,525,54,85.9
20260914,考试,114,0.1556,0.8754,2,505,54,85.0
20260914,考试,115,0.1553,0.8767,2,499,53,83.9
20260914,考试,116,0.1551,0.8797,2,500,53,83.9
20260914,考试,117,0.1550,0.8834,2,500,53,84.1
20260914,考试,118,0.1551,0.8858,2,506,53,84.3
20260914,考试,119,0.1554,0.8859,2,506,53,84.9
20260914,考试,120,0.1554,0.8875,2,513,53,85.6
20260914,考试,121,0.1549,0.8898,2,504,53,86.2
20260914,考试,122,0.1551,0.8909,2,512,56,87.3
20260914,考试,123,0.1556,0.8913,2,536,55,87.1
20260914,考试,124,0.1552,0.8923,2,533,56,87.0
20260914,考试,125,0.1552,0.8933,2,540,54,87.0
20260914,考试,126,0.1555,0.8945,2,527,54,86.5
20260914,考试,127,0.1555,0.8950,2,534,55,85.9
20260914,考试,128,0.1554,0.8954,2,530,56,86.2
20260914,考试,129,0.1556,0.8962,2,511,56,85.3
20260914,考试,130,0.1554,0.8974,2,504,56,84.2
20260914,考试,131,0.1552,0.9003,2,509,56,84.3
20260914,考试,132,0.1551,0.9039,2,504,56,84.4
20260914,考试,133,0.1552,0.9062,2,512,56,84.4
20260914,考试,134,0.1555,0.9065,2,517,56,84.9
20260914,考试,135,0.1554,0.9080,2,516,56,85.6
20260914,考试,136,0.1549,0.9103,2,510,56,86.2
20260914,考试,137,0.1552,0.9113,2,515,58,87.3
20260914,考试,138,0.1556,0.9117,2,541,57,87.1
20260914,考试,139,0.1552,0.9128,2,534,58,86.9
20260914,考试,140,0.1552,0.9136,2,544,57,86.9
20260914,考试,141,0.1554,0.9147,2,529,57,86.3
20260914,考试,142,0.1554,0.9150,2,539,57,85.6
20260914,考试,143,0.1554,0.9156,2,528,57,85.8
20260914,考试,144,0.1555,0.9165,2,515,58,84.9
20260914,考试,145,0.1552,0.9178,2,506,57,83.8
20260914,考试,146,0.1550,0.9209,2,512,56,83.7
20260914,考试,147,0.1553,0.9247,2,509,57,84.0
20260914,考试,148,0.1552,0.9274,2,515,57,84.2
20260914,考试,149,0.1555,0.9277,2,518,57,84.9
20260914,考试,150,0.1554,0.9291,2,527,57,85.6
20260914,考试,151,0.1549,0.9312,2,516,57,86.2
20260914,考试,152,0.1551,0.9323,2,522,60,87.2
20260914,考试,153,0.1556,0.9326,2,547,59,87.1
20260914,考试,154,0.1552,0.9336,2,547,60,86.9
20260914,考试,155,0.1552,0.9345,2,553,59,86.8
20260914,考试,156,0.1554,0.9357,2,537,59,86.3
20260914,考试,157,0.1554,0.9360,2,548,59,85.6
20260914,考试,158,0.1554,0.9365,2,545,59,85.8
20260914,考试,159,0.1556,0.9374,2,521,59,84.9
20260914,考试,160,0.1552,0.9387,2,517,58,83.8
20260914,考试,161,0.1551,0.9418,2,520,58,83.8
20260914,考试,162,0.1553,0.9454,2,516,59,84.0
20260914,考试,163,0.1554,0.9480,2,523,59,84.2
20260914,考试,164,0.1556,0.9483,2,524,60,84.8
20260914,考试,165,0.1553,0.9495,2,533,61,85.7
20260914,考试,166,0.1549,0.9515,2,523,61,86.4
20260914,考试,167,0.1552,0.9524,2,520,63,87.4
20260914,考试,168,0.1556,0.9526,2,556,62,87.2
20260914,考试,169,0.1552,0.9537,2,551,63,87.0
20260914,考试,170,0.1553,0.9545,2,559,62,87.0
20260914,考试,171,0.1554,0.9555,2,545,62,86.4
20260914,考试,172,0.1554,0.9558,2,554,62,85.7
20260914,考试,173,0.1554,0.9564,2,543,62,85.9
20260914,考试,174,0.1556,0.9573,2,530,62,84.9
20260914,考试,175,0.1552,0.9587,2,522,61,83.8
20260914,考试,176,0.1550,0.9618,2,529,61,83.7
20260914,考试,177,0.1553,0.9656,2,525,61,84.0
20260914,考试,178,0.1552,0.9684,2,532,61,84.2
20260914,考试,179,0.1555,0.9687,2,534,61,84.8
20260914,考试,180,0.1554,0.9700,2,542,61,85.6
20260914,考试,181,0.1550,0.9722,2,532,61,86.2
20260914,考试,182,0.1552,0.9732,2,537,63,87.3
20260914,考试,183,0.1556,0.9735,2,562,62,87.1
20260914,考试,184,0.1552,0.9746,2,555,63,86.9
20260914,考试,185,0.1552,0.9754,2,563,63,86.9
20260914,考试,186,0.1554,0.9765,2,550,63,86.3
20260914,考试,187,0.1554,0.9769,2,559,63,85.7
20260914,考试,188,0.1554,0.9774,2,557,63,85.8
20260914,考试,189,0.1556,0.9783,2,536,63,84.9
20260914,考试,190,0.1552,0.9797,2,530,62,83.8
20260914,考试,191,0.1551,0.9827,2,537,62,83.8
20260914,考试,192,0.1553,0.9864,2,534,62,83.9
20260914,考试,193,0.1554,0.9890,2,539,62,84.2
20260914,考试,194,0.1555,0.9894,2,540,62,84.9
20260914,考试,195,0.1550,0.9904,2,548,62,85.8
20260914,考试,196,0.1551,0.9922,2,541,62,86.4
20260914,考试,197,0.1554,0.9931,2,547,64,87.4
20260914,考试,198,0.1554,0.9936,2,565,63,87.1
20260914,考试,199,0.1554,0.9944,2,564,64,86.9
20260914,考试,200,0.1553,0.9952,2,571,64,86.9
20260915,出生,1,0.1018,0.0015,0,178,2,4.8
20260915,出生,2,0.1055,0.0026,0,171,2,5.6
20260915,出生,3,0.1117,0.0042,0,169,2,6.5
20260915,出生,4,0.1160,0.0064,0,172,2,4.8
20260915,出生,5,0.1195,0.0086,0,179,2,3.5
20260915,出生,6,0.1192,0.0106,0,181,2,2.8
20260915,出生,7,0.1152,0.0123,0,183,2,2.6
20260915,出生,8,0.1083,0.0133,0,182,2,2.5
20260915,出生,9,0.1011,0.0161,0,188,3,2.4
20260915,出生,10,0.0974,0.0204,0,191,3,2.3
20260915,出生,11,0.1007,0.0223,0,191,3,2.6
20260915,出生,12,0.1045,0.0251,0,195,3,2.3
20260915,出生,13,0.1089,0.0271,0,193,3,2.4
20260915,出生,14,0.1116,0.0292,0,195,3,2.0
20260915,出生,15,0.1145,0.0303,0,197,3,2.2
20260915,出生,16,0.1160,0.0319,0,201,3,1.8
20260915,出生,17,0.1178,0.0325,0,205,3,2.1
20260915,出生,18,0.1183,0.0336,0,199,4,1.6
20260915,出生,19,0.1193,0.0338,0,212,4,1.9
20260915,出生,20,0.1192,0.0345,0,211,4,1.5
20260915,出生,21,0.1197,0.0350,0,220,4,1.7
20260915,出生,22,0.1192,0.0353,0,214,4,1.4
20260915,出生,23,0.1192,0.0370,0,222,4,6.2
20260915,出生,24,0.1187,0.0382,0,202,6,6.1
20260915,出生,25,0.1208,0.0400,0,206,5,6.5
20260915,出生,26,0.1238,0.0441,0,211,6,5.5
20260915,出生,27,0.1289,0.0491,0,213,5,6.1
20260915,出生,28,0.1324,0.0559,0,211,6,5.4
20260915,出生,29,0.1374,0.0629,0,211,5,5.9
20260915,出生,30,0.1404,0.0716,0,210,6,4.9
20260915,天生,1,0.2607,0.0028,1,85,0,5.9
20260915,天生,2,0.2565,0.0040,1,85,0,6.0
20260915,天生,3,0.2509,0.0052,1,86,0,5.7
20260915,天生,4,0.2553,0.0095,1,86,0,5.3
20260915,天生,5,0.2670,0.0135,1,86,0,4.6
20260915,天生,6,0.2804,0.0174,1,85,0,2.8
20260915,天生,7,0.2937,0.0200,1,86,0,3.1
20260915,天生,8,0.3070,0.0213,1,86,0,5.7
20260915,天生,9,0.3198,0.0222,1,86,0,8.5
20260915,天生,10,0.3322,0.0240,1,87,0,10.7
20260915,天生,11,0.3432,0.0266,1,86,0,12.2
20260915,天生,12,0.3522,0.0300,1,86,0,13.7
20260915,天生,13,0.3584,0.0334,1,86,0,14.6
20260915,天生,14,0.3629,0.0359,1,86,0,14.6
20260915,天生,15,0.3667,0.0376,1,86,0,14.2
20260915,天生,16,0.3690,0.0387,1,86,0,14.1
20260915,天生,17,0.3701,0.0402,1,86,0,14.1
20260915,天生,18,0.3711,0.0420,1,86,0,13.5
20260915,天生,19,0.3708,0.0450,1,86,0,13.0
20260915,天生,20,0.3682,0.0491,1,87,0,13.1
20260915,天生,21,0.3644,0.0525,1,86,0,12.5
20260915,天生,22,0.3590,0.0564,1,87,0,12.2
20260915,天生,23,0.3523,0.0610,1,87,0,11.7
20260915,天生,24,0.3458,0.0672,1,87,0,11.2
20260915,天生,25,0.3439,0.0739,1,87,0,10.1
20260915,天生,26,0.3472,0.0806,1,87,0,9.1
20260915,天生,27,0.3520,0.0873,1,87,0,8.3
20260915,天生,28,0.3555,0.0937,1,87,0,7.2
20260915,天生,29,0.3572,0.1005,1,87,0,5.9
20260915,天生,30,0.3580,0.1081,1,87,0,4.8
20260915,教学,1,0.2607,0.0028,1,77,4,5.9
20260915,教学,2,0.2565,0.0040,1,77,5,6.0
20260915,教学,3,0.2502,0.0055,1,77,5,6.1
20260915,教学,4,0.2506,0.0091,1,77,5,5.1
20260915,教学,5,0.2571,0.0149,1,77,5,4.1
20260915,教学,6,0.2648,0.0221,1,77,6,1.9
20260915,教学,7,0.2712,0.0294,1,77,6,1.2
20260915,教学,8,0.2766,0.0365,1,77,6,2.4
20260915,教学,9,0.2805,0.0431,1,77,5,4.4
20260915,教学,10,0.2845,0.0501,1,77,5,6.3
20260915,教学,11,0.2898,0.0570,1,78,5,8.1
20260915,教学,12,0.2973,0.0631,1,78,5,9.4
20260915,教学,13,0.3053,0.0684,1,78,5,10.1
20260915,教学,14,0.3126,0.0727,1,78,5,10.4
20260915,教学,15,0.3191,0.0764,1,78,6,10.9
20260915,教学,16,0.3244,0.0794,1,78,7,11.3
20260915,教学,17,0.3285,0.0821,1,78,7,11.5
20260915,教学,18,0.3321,0.0848,1,78,5,11.7
20260915,教学,19,0.3358,0.0874,1,78,5,11.5
20260915,教学,20,0.3395,0.0887,1,78,6,11.7
20260915,教学,21,0.3422,0.0893,1,78,7,11.5
20260915,教学,22,0.3424,0.0899,1,78,7,12.1
20260915,教学,23,0.3412,0.0921,1,78,7,12.6
20260915,教学,24,0.3390,0.0958,1,78,6,13.2
20260915,教学,25,0.3367,0.1008,1,78,6,13.4
20260915,教学,26,0.3354,0.1062,1,78,7,13.0
20260915,教学,27,0.3356,0.1114,1,78,7,12.7
20260915,教学,28,0.3366,0.1158,1,78,7,12.3
20260915,教学,29,0.3374,0.1196,1,78,7,12.1
20260915,教学,30,0.3376,0.1232,1,78,7,12.1
20260915,教学,31,0.3369,0.1273,1,78,8,11.8
20260915,教学,32,0.3354,0.1322,1,78,8,11.1
20260915,教学,33,0.3336,0.1379,1,78,7,10.2
20260915,教学,34,0.3314,0.1446,1,78,7,9.4
20260915,教学,35,0.3292,0.1522,1,78,7,8.9
20260915,教学,36,0.3300,0.1581,1,78,8,9.5
20260915,教学,37,0.3312,0.1636,1,78,8,10.8
20260915,教学,38,0.3318,0.1700,1,78,8,10.3
20260915,教学,39,0.3325,0.1775,1,78,7,10.4
20260915,教学,40,0.3344,0.1856,1,78,7,11.1
20260915,教学,41,0.3374,0.1927,1,78,7,11.3
20260915,教学,42,0.3412,0.1985,1,78,7,11.3
20260915,教学,43,0.3448,0.2030,1,78,7,10.2
20260915,教学,44,0.3470,0.2079,1,78,7,9.6
20260915,教学,45,0.3481,0.2136,1,78,7,8.7
20260915,教学,46,0.3482,0.2204,1,78,8,7.8
20260915,教学,47,0.3471,0.2284,1,78,9,6.8
20260915,教学,48,0.3457,0.2377,1,78,8,5.9
20260915,教学,49,0.3438,0.2482,1,78,9,5.1
20260915,教学,50,0.3418,0.2592,1,78,8,4.2
20260915,教学,51,0.3420,0.2680,1,78,9,4.2
20260915,教学,52,0.3426,0.2767,1,78,9,4.1
20260915,教学,53,0.3427,0.2843,1,78,9,2.3
20260915,教学,54,0.3435,0.2919,1,78,8,0.3
20260915,教学,55,0.3456,0.2991,1,78,8,0.6
20260915,教学,56,0.3480,0.3063,1,78,8,1.4
20260915,教学,57,0.3501,0.3132,1,78,9,1.8
20260915,教学,58,0.3506,0.3201,1,78,9,2.9
20260915,教学,59,0.3478,0.3274,1,78,9,3.9
20260915,教学,60,0.3418,0.3346,1,78,9,3.8
20260915,教学,61,0.3341,0.3415,1,78,10,3.6
20260915,教学,62,0.3282,0.3486,1,78,10,3.8
20260915,教学,63,0.3258,0.3552,1,78,11,5.1
20260915,教学,64,0.3274,0.3614,1,78,11,6.3
20260915,教学,65,0.3312,0.3677,1,78,12,7.2
20260915,教学,66,0.3373,0.3736,1,78,12,6.9
20260915,教学,67,0.3422,0.3801,1,78,12,6.3
20260915,教学,68,0.3447,0.3862,1,78,14,7.7
20260915,教学,69,0.3451,0.3929,1,78,13,9.0
20260915,教学,70,0.3459,0.3996,1,78,13,9.7
20260915,教学,71,0.3468,0.4064,1,78,13,10.4
20260915,教学,72,0.3478,0.4131,1,78,14,10.8
20260915,教学,73,0.3473,0.4198,1,78,13,12.0
20260915,教学,74,0.3445,0.4265,1,78,13,13.0
20260915,教学,75,0.3403,0.4323,1,78,15,12.9
20260915,教学,76,0.3358,0.4376,1,78,15,11.7
20260915,教学,77,0.3319,0.4412,1,78,15,11.8
20260915,教学,78,0.3302,0.4441,1,78,15,12.2
20260915,教学,79,0.3305,0.4456,1,78,16,12.3
20260915,教学,80,0.3303,0.4474,1,78,15,12.6
20260915,教学,81,0.3324,0.4503,1,78,16,11.9
20260915,教学,82,0.3350,0.4536,1,78,15,11.0
20260915,教学,83,0.3369,0.4568,1,78,17,12.1
20260915,教学,84,0.3381,0.4610,1,78,16,13.1
20260915,教学,85,0.3404,0.4653,1,78,17,13.4
20260915,教学,86,0.3434,0.4691,1,78,18,13.8
20260915,教学,87,0.3460,0.4729,1,78,17,14.2
20260915,教学,88,0.3470,0.4760,1,78,19,15.1
20260915,教学,89,0.3459,0.4794,1,78,19,15.6
20260915,教学,90,0.3430,0.4822,1,78,19,15.2
20260915,教学,91,0.3374,0.4848,1,78,21,14.3
20260915,教学,92,0.3303,0.4868,1,78,21,14.5
20260915,教学,93,0.3256,0.4881,1,78,21,14.9
20260915,教学,94,0.3245,0.4899,1,78,21,14.8
20260915,教学,95,0.3243,0.4929,1,78,20,14.4
20260915,教学,96,0.3279,0.4945,1,78,20,13.2
20260915,教学,97,0.3324,0.4967,1,78,22,11.7
20260915,教学,98,0.3354,0.4995,1,78,22,12.4
20260915,教学,99,0.3371,0.5034,1,78,22,12.9
20260915,教学,100,0.3388,0.5082,1,78,22,12.8
20260915,教学,101,0.3403,0.5136,1,78,21,12.5
20260915,教学,102,0.3416,0.5197,1,78,21,12.3
20260915,教学,103,0.3413,0.5258,1,78,21,12.9
20260915,教学,104,0.3387,0.5319,1,78,21,13.4
20260915,教学,105,0.3349,0.5373,1,78,22,12.7
20260915,教学,106,0.3313,0.5420,1,78,23,11.0
20260915,教学,107,0.3281,0.5458,2,78,24,10.7
20260915,教学,108,0.3268,0.5500,1,78,25,10.6
20260915,教学,109,0.3280,0.5549,2,78,25,10.6
20260915,教学,110,0.3327,0.5607,2,78,24,9.6
20260915,教学,111,0.3425,0.5660,2,78,27,8.0
20260915,教学,112,0.3522,0.5715,2,78,27,6.6
20260915,教学,113,0.3599,0.5775,2,78,25,7.2
20260915,教学,114,0.3653,0.5840,2,78,27,6.6
20260915,教学,115,0.3684,0.5917,2,78,27,5.6
20260915,教学,116,0.3696,0.6001,2,78,26,5.5
20260915,教学,117,0.3690,0.6094,2,78,26,5.6
20260915,教学,118,0.3673,0.6188,2,78,27,5.9
20260915,教学,119,0.3662,0.6281,2,78,28,6.2
20260915,教学,120,0.3663,0.6369,2,78,29,5.8
20260915,教学,121,0.3665,0.6448,2,78,29,5.2
20260915,教学,122,0.3659,0.6525,2,78,30,5.2
20260915,教学,123,0.3646,0.6611,2,78,30,4.7
20260915,教学,124,0.3628,0.6701,2,78,32,4.1
20260915,教学,125,0.3613,0.6795,2,78,31,3.4
20260915,教学,126,0.3625,0.6885,2,78,31,2.2
20260915,教学,127,0.3652,0.6968,2,78,32,1.8
20260915,教学,128,0.3668,0.7048,2,78,33,3.3
20260915,教学,129,0.3672,0.7125,2,78,32,4.0
20260915,教学,130,0.3661,0.7206,2,78,34,4.1
20260915,教学,131,0.3642,0.7284,2,78,35,5.2
20260915,教学,132,0.3639,0.7352,2,78,34,6.2
20260915,教学,133,0.3660,0.7404,2,78,35,6.9
20260915,教学,134,0.3677,0.7448,2,78,35,7.9
20260915,教学,135,0.3678,0.7493,2,78,36,8.0
20260915,教学,136,0.3666,0.7531,2,78,37,7.7
20260915,教学,137,0.3646,0.7570,2,78,37,7.8
20260915,教学,138,0.3629,0.7615,2,78,37,7.4
20260915,教学,139,0.3623,0.7663,2,78,38,6.4
20260915,教学,140,0.3614,0.7717,2,78,38,5.6
20260915,教学,141,0.3612,0.7772,2,78,38,4.5
20260915,教学,142,0.3624,0.7822,2,78,37,4.1
20260915,教学,143,0.3634,0.7870,2,78,36,5.6
20260915,教学,144,0.3639,0.7918,2,78,37,6.0
20260915,教学,145,0.3636,0.7972,2,78,38,5.8
20260915,教学,146,0.3631,0.8023,2,78,38,6.8
20260915,教学,147,0.3638,0.8068,2,78,37,7.8
20260915,教学,148,0.3661,0.8103,2,78,38,8.7
20260915,教学,149,0.3678,0.8132,2,78,38,9.8
20260915,教学,150,0.3676,0.8163,2,78,38,9.9
20260915,教学,151,0.3663,0.8188,2,78,39,9.5
20260915,教学,152,0.3641,0.8213,2,78,40,9.6
20260915,教学,153,0.3622,0.8240,2,78,40,9.0
20260915,教学,154,0.3617,0.8269,2,78,42,7.9
20260915,教学,155,0.3610,0.8306,2,78,41,7.0
20260915,教学,156,0.3606,0.8346,2,78,41,5.8
20260915,教学,157,0.3613,0.8383,2,78,40,5.5
20260915,教学,158,0.3624,0.8416,2,78,40,7.0
20260915,教学,159,0.3630,0.8453,2,78,42,7.1
20260915,教学,160,0.3630,0.8496,2,78,44,6.7
20260915,教学,161,0.3633,0.8537,2,78,45,7.6
20260915,教学,162,0.3644,0.8576,2,78,45,8.6
20260915,教学,163,0.3667,0.8607,2,78,46,9.5
20260915,教学,164,0.3684,0.8634,2,78,46,10.7
20260915,教学,165,0.3682,0.8662,2,78,47,10.9
20260915,教学,166,0.3668,0.8686,2,78,47,10.5
20260915,教学,167,0.3645,0.8709,2,78,46,10.6
20260915,教学,168,0.3623,0.8734,2,78,47,10.0
20260915,教学,169,0.3618,0.8760,2,78,49,8.8
20260915,教学,170,0.3612,0.8795,3,78,47,7.9
20260915,教学,171,0.3612,0.8836,2,78,47,6.5
20260915,教学,172,0.3616,0.8876,3,78,46,6.0
20260915,教学,173,0.3628,0.8917,3,78,47,6.1
20260915,教学,174,0.3635,0.8963,3,78,47,6.0
20260915,教学,175,0.3636,0.9017,3,78,49,5.7
20260915,教学,176,0.3634,0.9073,3,78,49,6.2
20260915,教学,177,0.3628,0.9132,3,78,49,6.3
20260915,教学,178,0.3637,0.9189,3,78,51,6.4
20260915,教学,179,0.3644,0.9243,3,78,50,8.0
20260915,教学,180,0.3629,0.9298,3,78,50,9.0
20260915,教学,181,0.3602,0.9347,3,78,51,9.6
20260915,教学,182,0.3572,0.9394,3,78,51,10.4
20260915,教学,183,0.3549,0.9442,3,78,52,10.5
20260915,教学,184,0.3538,0.9487,3,78,55,10.5
20260915,教学,185,0.3534,0.9530,3,78,54,10.6
20260915,教学,186,0.3537,0.9574,3,78,54,10.1
20260915,教学,187,0.3542,0.9619,3,78,53,10.2
20260915,教学,188,0.3544,0.9664,3,78,54,11.1
20260915,教学,189,0.3539,0.9713,3,78,54,11.5
20260915,教学,190,0.3518,0.9763,3,78,54,12.1
20260915,教学,191,0.3477,0.9810,3,78,53,13.1
20260915,教学,192,0.3439,0.9859,3,78,54,13.3
20260915,教学,193,0.3419,0.9911,3,78,54,12.8
20260915,教学,194,0.3406,0.9962,3,78,55,13.9
20260915,教学,195,0.3387,1.0017,3,78,55,14.8
20260915,教学,196,0.3371,1.0071,3,78,56,15.3
20260915,教学,197,0.3360,1.0126,3,78,55,16.6
20260915,教学,198,0.3359,1.0190,3,78,56,16.7
20260915,教学,199,0.3359,1.0256,3,78,59,17.0
20260915,教学,200,0.3358,1.0327,3,78,58,17.3
20260915,考试,1,0.1018,0.0015,1,494,39,4.8
20260915,考试,2,0.1055,0.0026,2,471,37,5.6
20260915,考试,3,0.1144,0.0058,1,472,39,5.2
20260915,考试,4,0.1289,0.0109,2,478,37,5.0
20260915,考试,5,0.1502,0.0144,2,485,38,3.8
20260915,考试,6,0.1745,0.0189,2,484,38,2.7
20260915,考试,7,0.1991,0.0266,2,479,39,2.7
20260915,考试,8,0.2226,0.0368,2,481,39,3.8
20260915,考试,9,0.2471,0.0471,2,487,40,3.4
20260915,考试,10,0.2722,0.0568,2,520,40,1.9
20260915,考试,11,0.2970,0.0661,2,501,41,1.3
20260915,考试,12,0.3191,0.0749,2,519,41,2.1
20260915,考试,13,0.3381,0.0831,2,520,40,2.8
20260915,考试,14,0.3532,0.0909,2,513,43,4.1
20260915,考试,15,0.3643,0.0987,2,509,43,4.6
20260915,考试,16,0.3714,0.1062,2,508,42,5.5
20260915,考试,17,0.3742,0.1136,2,505,43,6.7
20260915,考试,18,0.3727,0.1217,2,510,42,7.1
20260915,考试,19,0.3682,0.1295,2,508,42,8.0
20260915,考试,20,0.3619,0.1375,2,515,42,8.3
20260915,考试,21,0.3596,0.1454,2,499,43,8.4
20260915,考试,22,0.3576,0.1541,2,513,44,8.2
20260915,考试,23,0.3535,0.1626,2,503,44,9.2
20260915,考试,24,0.3478,0.1710,2,502,45,9.6
20260915,考试,25,0.3431,0.1792,2,509,46,9.1
20260915,考试,26,0.3412,0.1873,2,514,44,9.9
20260915,考试,27,0.3412,0.1958,2,520,45,11.0
20260915,考试,28,0.3424,0.2043,2,512,44,12.0
20260915,考试,29,0.3434,0.2126,2,522,47,13.1
20260915,考试,30,0.3433,0.2207,2,520,48,13.3
20260915,考试,31,0.3424,0.2283,2,523,47,13.2
20260915,考试,32,0.3412,0.2359,2,515,47,14.1
20260915,考试,33,0.3399,0.2439,2,517,48,14.2
20260915,考试,34,0.3387,0.2522,2,525,48,14.5
20260915,考试,35,0.3371,0.2603,2,531,48,15.4
20260915,考试,36,0.3368,0.2691,2,520,48,16.2
20260915,考试,37,0.3362,0.2788,2,533,48,17.4
20260915,考试,38,0.3337,0.2884,2,531,48,19.7
20260915,考试,39,0.3296,0.2983,2,531,49,21.1
20260915,考试,40,0.3252,0.3084,2,526,48,22.0
20260915,考试,41,0.3207,0.3188,2,533,49,23.7
20260915,考试,42,0.3165,0.3299,2,532,50,25.6
20260915,考试,43,0.3131,0.3420,2,528,48,27.4
20260915,考试,44,0.3095,0.3547,2,534,50,29.5
20260915,考试,45,0.3055,0.3685,2,530,52,30.7
20260915,考试,46,0.3000,0.3824,2,534,52,31.6
20260915,考试,47,0.2929,0.3966,2,527,50,32.9
20260915,考试,48,0.2849,0.4118,2,544,50,34.0
20260915,考试,49,0.2763,0.4276,2,545,51,35.8
20260915,考试,50,0.2662,0.4440,2,532,50,38.7
20260915,考试,51,0.2556,0.4620,2,526,51,42.2
20260915,考试,52,0.2424,0.4804,2,546,53,46.4
20260915,考试,53,0.2267,0.4986,2,546,53,52.0
20260915,考试,54,0.2246,0.5109,2,529,55,55.0
20260915,考试,55,0.2308,0.5199,2,543,52,56.7
20260915,考试,56,0.2367,0.5281,2,533,53,59.1
20260915,考试,57,0.2410,0.5369,2,527,54,61.5
20260915,考试,58,0.2442,0.5470,2,526,51,64.0
20260915,考试,59,0.2463,0.5574,2,531,53,66.4
20260915,考试,60,0.2471,0.5677,2,536,55,67.9
20260915,考试,61,0.2470,0.5781,2,546,55,69.2
20260915,考试,62,0.2461,0.5878,2,539,54,70.9
20260915,考试,63,0.2444,0.5976,2,545,54,71.7
20260915,考试,64,0.2416,0.6079,2,559,55,72.3
20260915,考试,65,0.2379,0.6186,2,542,55,72.8
20260915,考试,66,0.2329,0.6299,2,535,55,72.9
20260915,考试,67,0.2268,0.6413,2,543,55,72.9
20260915,考试,68,0.2193,0.6535,2,557,55,73.5
20260915,考试,69,0.2101,0.6669,2,544,56,73.3
20260915,考试,70,0.1992,0.6816,2,533,53,73.3
20260915,考试,71,0.1873,0.6971,2,537,55,75.0
20260915,考试,72,0.1742,0.7139,2,526,57,77.8
20260915,考试,73,0.1587,0.7310,2,533,54,81.2
20260915,考试,74,0.1519,0.7432,2,554,55,85.2
20260915,考试,75,0.1534,0.7503,2,552,57,88.6
20260915,考试,76,0.1544,0.7566,2,555,57,92.1
20260915,考试,77,0.1543,0.7627,2,547,57,95.7
20260915,考试,78,0.1549,0.7688,2,553,56,98.1
20260915,考试,79,0.1554,0.7753,2,542,57,100.3
20260915,考试,80,0.1551,0.7814,2,549,57,102.4
20260915,考试,81,0.1554,0.7873,2,536,57,103.7
20260915,考试,82,0.1556,0.7928,2,558,57,104.8
20260915,考试,83,0.1553,0.7978,2,559,57,106.9
20260915,考试,84,0.1550,0.8026,2,538,58,108.0
20260915,考试,85,0.1546,0.8070,2,544,55,109.1
20260915,考试,86,0.1538,0.8103,2,544,57,111.6
20260915,考试,87,0.1530,0.8133,2,548,56,114.1
20260915,考试,88,0.1520,0.8166,2,535,56,116.4
20260915,考试,89,0.1509,0.8203,2,555,55,118.6
20260915,考试,90,0.1499,0.8246,2,537,58,120.0
20260915,考试,91,0.1486,0.8295,2,551,57,121.5
20260915,考试,92,0.1470,0.8342,2,538,56,123.8
20260915,考试,93,0.1452,0.8393,2,564,56,125.6
20260915,考试,94,0.1429,0.8453,2,553,57,127.6
20260915,考试,95,0.1401,0.8517,2,549,57,129.9
20260915,考试,96,0.1378,0.8575,2,537,57,132.4
20260915,考试,97,0.1346,0.8623,2,537,57,135.8
20260915,考试,98,0.1290,0.8676,2,538,59,140.1
20260915,考试,99,0.1180,0.8755,2,522,58,144.4
20260915,考试,100,0.1053,0.8830,2,575,56,148.9
20260915,考试,101,0.0927,0.8901,2,538,56,155.6
20260915,考试,102,0.0795,0.8992,2,536,54,163.0
20260915,考试,103,0.0626,0.9102,2,534,54,171.7
20260915,考试,104,0.0547,0.9209,2,612,54,178.2
20260915,考试,105,0.0600,0.9261,2,558,55,172.4
20260915,考试,106,0.0676,0.9286,2,569,53,169.8
20260915,考试,107,0.0729,0.9297,2,559,54,169.2
20260915,考试,108,0.0772,0.9310,2,577,54,170.0
20260915,考试,109,0.0782,0.9328,2,563,56,170.4
20260915,考试,110,0.0756,0.9342,2,553,55,170.8
20260915,考试,111,0.0684,0.9355,2,558,55,172.8
20260915,考试,112,0.0613,0.9373,2,565,53,175.5
20260915,考试,113,0.0574,0.9396,2,551,54,178.4
20260915,考试,114,0.0572,0.9421,2,542,53,178.9
20260915,考试,115,0.0587,0.9433,2,556,55,177.8
20260915,考试,116,0.0630,0.9445,2,586,54,177.7
20260915,考试,117,0.0663,0.9453,2,571,56,177.6
20260915,考试,118,0.0665,0.9454,2,563,56,177.9
20260915,考试,119,0.0608,0.9463,2,545,56,179.4
20260915,考试,120,0.0557,0.9468,2,573,56,179.5
20260915,考试,121,0.0560,0.9471,2,573,57,179.7
20260915,考试,122,0.0569,0.9473,2,566,56,179.9
20260915,考试,123,0.0575,0.9474,2,563,57,179.9
20260915,考试,124,0.0613,0.9484,2,583,58,179.0
20260915,考试,125,0.0635,0.9489,2,575,59,178.5
20260915,考试,126,0.0623,0.9491,2,564,57,178.8
20260915,考试,127,0.0565,0.9503,2,538,57,179.3
20260915,考试,128,0.0556,0.9505,2,579,57,179.4
20260915,考试,129,0.0565,0.9508,2,574,59,179.7
20260915,考试,130,0.0572,0.9509,2,573,59,179.8
20260915,考试,131,0.0581,0.9511,2,569,59,179.9
20260915,考试,132,0.0613,0.9520,2,609,58,178.8
20260915,考试,133,0.0641,0.9525,2,586,60,178.3
20260915,考试,134,0.0638,0.9527,2,580,59,178.5
20260915,考试,135,0.0578,0.9541,2,568,59,178.9
20260915,考试,136,0.0554,0.9547,2,584,60,178.6
20260915,考试,137,0.0563,0.9553,2,587,60,179.2
20260915,考试,138,0.0571,0.9557,2,577,60,179.6
20260915,考试,139,0.0576,0.9559,2,582,60,179.9
20260915,考试,140,0.0612,0.9570,2,602,60,179.0
20260915,考试,141,0.0633,0.9577,2,585,61,178.6
20260915,考试,142,0.0626,0.9579,2,586,60,178.8
20260915,考试,143,0.0570,0.9593,2,551,59,179.1
20260915,考试,144,0.0557,0.9601,2,583,60,179.3
20260915,考试,145,0.0565,0.9605,2,574,59,179.6
20260915,考试,146,0.0573,0.9608,2,574,60,179.8
20260915,考试,147,0.0578,0.9609,2,564,60,179.9
20260915,考试,148,0.0611,0.9619,2,617,59,179.1
20260915,考试,149,0.0632,0.9625,2,566,61,178.6
20260915,考试,150,0.0621,0.9628,2,589,61,178.8
20260915,考试,151,0.0564,0.9641,2,575,61,179.0
20260915,考试,152,0.0555,0.9648,2,579,62,179.2
20260915,考试,153,0.0564,0.9651,2,591,62,179.6
20260915,考试,154,0.0571,0.9653,2,587,60,179.8
20260915,考试,155,0.0577,0.9654,2,577,60,179.9
20260915,考试,156,0.0608,0.9664,2,605,60,179.1
20260915,考试,157,0.0626,0.9669,2,590,62,178.7
20260915,考试,158,0.0620,0.9672,2,586,61,178.7
20260915,考试,159,0.0567,0.9681,2,548,60,179.1
20260915,考试,160,0.0555,0.9686,2,601,59,179.4
20260915,考试,161,0.0565,0.9688,2,599,62,179.7
20260915,考试,162,0.0572,0.9690,2,584,62,179.8
20260915,考试,163,0.0578,0.9691,2,585,61,180.0
20260915,考试,164,0.0615,0.9702,2,632,60,178.9
20260915,考试,165,0.0638,0.9708,2,601,65,178.4
20260915,考试,166,0.0631,0.9711,2,607,63,178.5
20260915,考试,167,0.0572,0.9723,2,585,62,179.3
20260915,考试,168,0.0550,0.9726,2,597,63,179.4
20260915,考试,169,0.0560,0.9728,2,612,64,179.7
20260915,考试,170,0.0569,0.9730,2,584,63,179.8
20260915,考试,171,0.0577,0.9730,2,586,63,180.0
20260915,考试,172,0.0611,0.9741,2,615,63,179.0
20260915,考试,173,0.0636,0.9747,2,601,64,178.4
20260915,考试,174,0.0629,0.9749,2,579,62,178.5
20260915,考试,175,0.0571,0.9761,2,574,62,178.9
20260915,考试,176,0.0556,0.9764,2,615,60,178.9
20260915,考试,177,0.0564,0.9768,2,605,64,179.4
20260915,考试,178,0.0571,0.9772,2,596,62,179.8
20260915,考试,179,0.0577,0.9773,2,590,62,180.0
20260915,考试,180,0.0612,0.9784,2,632,62,179.0
20260915,考试,181,0.0632,0.9790,2,607,66,178.5
20260915,考试,182,0.0623,0.9793,2,606,63,178.8
20260915,考试,183,0.0567,0.9807,2,589,62,179.7
20260915,考试,184,0.0557,0.9810,2,607,64,179.3
20260915,考试,185,0.0565,0.9812,2,605,65,179.6
20260915,考试,186,0.0572,0.9814,2,595,65,179.8
20260915,考试,187,0.0578,0.9815,2,591,66,179.9
20260915,考试,188,0.0613,0.9826,2,621,66,179.0
20260915,考试,189,0.0633,0.9832,2,597,67,178.6
20260915,考试,190,0.0624,0.9835,2,607,66,178.8
20260915,考试,191,0.0569,0.9846,2,598,66,179.0
20260915,考试,192,0.0556,0.9850,2,632,65,179.0
20260915,考试,193,0.0564,0.9854,2,611,68,179.4
20260915,考试,194,0.0571,0.9857,2,602,66,179.8
20260915,考试,195,0.0576,0.9859,2,607,66,180.0
20260915,考试,196,0.0607,0.9869,2,623,66,179.2
20260915,考试,197,0.0623,0.9874,2,611,69,178.7
20260915,考试,198,0.0613,0.9877,2,601,67,178.9
20260915,考试,199,0.0566,0.9886,2,597,66,179.4
20260915,考试,200,0.0565,0.9891,2,625,67,179.5
20260916,出生,1,0.1018,0.0015,0,147,6,4.8
20260916,出生,2,0.1055,0.0026,0,140,5,5.6
20260916,出生,3,0.1116,0.0038,0,134,7,5.4
20260916,出生,4,0.1149,0.0047,0,139,7,3.8
20260916,出生,5,0.1157,0.0056,0,146,7,1.8
20260916,出生,6,0.1128,0.0064,0,147,6,1.5
20260916,出生,7,0.1070,0.0068,0,151,6,1.8
20260916,出生,8,0.1005,0.0090,0,153,6,1.1
20260916,出生,9,0.0989,0.0109,0,153,7,1.6
20260916,出生,10,0.0993,0.0126,0,150,7,1.8
20260916,出生,11,0.0993,0.0133,0,153,7,1.7
20260916,出生,12,0.0991,0.0134,0,156,7,1.6
20260916,出生,13,0.1013,0.0143,0,153,7,1.3
20260916,出生,14,0.1034,0.0147,0,156,7,1.2
20260916,出生,15,0.1067,0.0151,0,156,7,0.7
20260916,出生,16,0.1094,0.0156,0,156,7,0.8
20260916,出生,17,0.1122,0.0157,0,162,7,0.5
20260916,出生,18,0.1138,0.0163,0,169,7,0.6
20260916,出生,19,0.1154,0.0164,0,173,7,0.3
20260916,出生,20,0.1159,0.0169,0,171,7,0.4
20260916,出生,21,0.1167,0.0171,0,178,7,0.3
20260916,出生,22,0.1166,0.0176,0,173,8,0.3
20260916,出生,23,0.1193,0.0181,0,184,8,0.2
20260916,出生,24,0.1244,0.0191,0,180,8,0.5
20260916,出生,25,0.1316,0.0197,0,179,8,0.4
20260916,出生,26,0.1387,0.0199,0,183,8,0.4
20260916,出生,27,0.1450,0.0201,0,183,8,0.1
20260916,出生,28,0.1491,0.0204,0,180,8,0.3
20260916,出生,29,0.1517,0.0218,0,188,8,4.9
20260916,出生,30,0.1511,0.0227,0,167,8,4.9
20260916,天生,1,0.2607,0.0028,1,84,0,5.9
20260916,天生,2,0.2565,0.0040,1,85,0,6.0
20260916,天生,3,0.2502,0.0052,1,86,0,5.5
20260916,天生,4,0.2526,0.0101,1,85,0,4.9
20260916,天生,5,0.2612,0.0169,1,83,0,5.2
20260916,天生,6,0.2711,0.0247,1,84,0,5.2
20260916,天生,7,0.2803,0.0319,1,84,0,5.9
20260916,天生,8,0.2906,0.0385,1,84,0,7.3
20260916,天生,9,0.3025,0.0438,1,85,0,8.6
20260916,天生,10,0.3148,0.0481,1,84,0,9.6
20260916,天生,11,0.3259,0.0520,1,84,0,10.5
20260916,天生,12,0.3351,0.0556,1,84,0,11.4
20260916,天生,13,0.3420,0.0593,1,84,0,12.2
20260916,天生,14,0.3464,0.0626,1,85,0,13.4
20260916,天生,15,0.3496,0.0659,1,85,0,14.2
20260916,天生,16,0.3514,0.0687,1,84,0,14.9
20260916,天生,17,0.3523,0.0704,1,85,0,15.3
20260916,天生,18,0.3524,0.0722,1,85,0,15.7
20260916,天生,19,0.3523,0.0737,1,86,0,15.4
20260916,天生,20,0.3514,0.0764,1,85,0,15.1
20260916,天生,21,0.3503,0.0784,1,87,0,13.7
20260916,天生,22,0.3472,0.0818,1,85,0,13.1
20260916,天生,23,0.3428,0.0864,1,86,0,12.5
20260916,天生,24,0.3387,0.0924,1,87,0,11.9
20260916,天生,25,0.3370,0.0992,1,86,0,10.5
20260916,天生,26,0.3363,0.1061,1,87,0,8.9
20260916,天生,27,0.3371,0.1133,1,86,0,7.9
20260916,天生,28,0.3392,0.1200,1,86,0,6.7
20260916,天生,29,0.3403,0.1271,1,86,0,6.1
20260916,天生,30,0.3408,0.1349,1,86,0,6.6
20260916,教学,1,0.2607,0.0028,1,71,9,5.9
20260916,教学,2,0.2565,0.0040,1,70,9,6.0
20260916,教学,3,0.2481,0.0051,1,70,9,6.9
20260916,教学,4,0.2436,0.0083,1,70,9,6.4
20260916,教学,5,0.2454,0.0141,1,70,9,7.0
20260916,教学,6,0.2510,0.0219,1,70,9,5.6
20260916,教学,7,0.2572,0.0287,1,70,10,5.2
20260916,教学,8,0.2654,0.0350,1,72,10,7.0
20260916,教学,9,0.2738,0.0407,1,70,10,8.0
20260916,教学,10,0.2823,0.0459,1,72,10,8.7
20260916,教学,11,0.2915,0.0509,1,72,10,9.3
20260916,教学,12,0.3005,0.0555,1,72,10,9.9
20260916,教学,13,0.3081,0.0600,1,72,11,10.2
20260916,教学,14,0.3138,0.0643,1,72,11,10.7
20260916,教学,15,0.3184,0.0688,1,72,11,11.3
20260916,教学,16,0.3215,0.0726,1,72,11,11.3
20260916,教学,17,0.3227,0.0762,1,73,11,11.4
20260916,教学,18,0.3229,0.0797,1,73,11,11.8
20260916,教学,19,0.3233,0.0833,1,73,11,11.6
20260916,教学,20,0.3236,0.0879,1,73,11,11.6
20260916,教学,21,0.3224,0.0925,1,74,11,11.8
20260916,教学,22,0.3189,0.0980,1,74,11,12.7
20260916,教学,23,0.3141,0.1048,1,74,11,12.9
20260916,教学,24,0.3112,0.1124,1,74,11,12.9
20260916,教学,25,0.3132,0.1191,1,74,11,12.7
20260916,教学,26,0.3180,0.1246,1,74,12,12.6
20260916,教学,27,0.3229,0.1292,1,74,12,12.5
20260916,教学,28,0.3265,0.1329,1,75,12,11.5
20260916,教学,29,0.3278,0.1371,1,75,12,10.9
20260916,教学,30,0.3274,0.1420,1,75,12,10.0
20260916,教学,31,0.3255,0.1476,1,75,12,9.9
20260916,教学,32,0.3238,0.1537,1,75,12,9.6
20260916,教学,33,0.3233,0.1602,1,75,12,9.0
20260916,教学,34,0.3222,0.1672,1,75,12,8.5
20260916,教学,35,0.3207,0.1745,1,75,12,7.9
20260916,教学,36,0.3210,0.1801,1,75,13,8.2
20260916,教学,37,0.3205,0.1856,1,74,13,9.2
20260916,教学,38,0.3181,0.1914,1,74,13,6.7
20260916,教学,39,0.3151,0.1979,1,75,13,6.0
20260916,教学,40,0.3145,0.2050,1,76,13,6.6
20260916,教学,41,0.3189,0.2111,1,76,13,7.1
20260916,教学,42,0.3253,0.2158,1,76,13,7.2
20260916,教学,43,0.3302,0.2192,1,76,13,6.5
20260916,教学,44,0.3323,0.2232,1,76,13,5.5
20260916,教学,45,0.3322,0.2277,1,76,13,5.3
20260916,教学,46,0.3295,0.2319,1,76,13,4.8
20260916,教学,47,0.3266,0.2369,1,76,14,5.7
20260916,教学,48,0.3225,0.2424,1,76,14,4.0
20260916,教学,49,0.3179,0.2480,1,76,14,2.5
20260916,教学,50,0.3155,0.2535,1,76,14,2.5
20260916,教学,51,0.3144,0.2571,1,75,15,1.9
20260916,教学,52,0.3135,0.2613,1,75,15,4.0
20260916,教学,53,0.3119,0.2651,1,75,16,3.1
20260916,教学,54,0.3114,0.2692,1,75,15,3.6
20260916,教学,55,0.3127,0.2742,1,76,16,4.7
20260916,教学,56,0.3159,0.2783,1,76,15,4.2
20260916,教学,57,0.3207,0.2815,1,76,14,4.6
20260916,教学,58,0.3240,0.2839,1,76,15,2.8
20260916,教学,59,0.3247,0.2872,1,76,14,2.4
20260916,教学,60,0.3220,0.2909,1,77,15,2.5
20260916,教学,61,0.3190,0.2944,1,77,14,2.4
20260916,教学,62,0.3178,0.2987,1,77,14,2.7
20260916,教学,63,0.3183,0.3038,1,77,15,2.6
20260916,教学,64,0.3181,0.3095,1,77,15,2.6
20260916,教学,65,0.3156,0.3154,1,77,15,1.9
20260916,教学,66,0.3149,0.3201,1,77,14,3.2
20260916,教学,67,0.3153,0.3247,1,77,15,5.3
20260916,教学,68,0.3161,0.3296,1,77,15,4.3
20260916,教学,69,0.3163,0.3354,1,77,16,4.4
20260916,教学,70,0.3171,0.3420,1,77,16,5.0
20260916,教学,71,0.3209,0.3481,1,77,19,5.3
20260916,教学,72,0.3261,0.3530,1,77,18,5.4
20260916,教学,73,0.3302,0.3569,1,77,18,4.4
20260916,教学,74,0.3323,0.3614,1,77,19,3.4
20260916,教学,75,0.3323,0.3666,1,77,19,2.6
20260916,教学,76,0.3325,0.3719,1,77,18,2.5
20260916,教学,77,0.3341,0.3784,1,77,18,3.0
20260916,教学,78,0.3350,0.3860,1,77,19,2.5
20260916,教学,79,0.3325,0.3937,1,77,20,1.5
20260916,教学,80,0.3282,0.4020,1,77,18,1.7
20260916,教学,81,0.3242,0.4090,1,77,19,2.3
20260916,教学,82,0.3214,0.4160,1,77,19,3.3
20260916,教学,83,0.3202,0.4228,1,77,19,1.6
20260916,教学,84,0.3197,0.4300,1,77,21,0.9
20260916,教学,85,0.3204,0.4376,1,77,19,1.6
20260916,教学,86,0.3215,0.4448,1,77,22,1.6
20260916,教学,87,0.3230,0.4519,1,77,19,2.5
20260916,教学,88,0.3240,0.4581,1,77,21,1.8
20260916,教学,89,0.3245,0.4650,1,77,19,1.3
20260916,教学,90,0.3244,0.4728,1,77,19,1.8
20260916,教学,91,0.3256,0.4804,1,77,22,2.7
20260916,教学,92,0.3275,0.4884,1,77,21,3.3
20260916,教学,93,0.3298,0.4977,1,77,23,3.1
20260916,教学,94,0.3312,0.5077,1,77,24,2.8
20260916,教学,95,0.3302,0.5181,1,77,24,2.8
20260916,教学,96,0.3294,0.5265,1,77,23,3.7
20260916,教学,97,0.3284,0.5350,1,77,24,5.0
20260916,教学,98,0.3278,0.5442,1,77,24,3.9
20260916,教学,99,0.3259,0.5539,1,77,25,2.8
20260916,教学,100,0.3248,0.5638,1,77,25,2.8
20260916,教学,101,0.3251,0.5726,1,77,25,3.3
20260916,教学,102,0.3275,0.5799,1,77,24,3.5
20260916,教学,103,0.3294,0.5858,1,77,24,2.3
20260916,教学,104,0.3295,0.5925,1,77,23,1.5
20260916,教学,105,0.3283,0.6000,1,77,23,1.9
20260916,教学,106,0.3277,0.6076,1,77,25,2.6
20260916,教学,107,0.3283,0.6156,2,77,23,3.3
20260916,教学,108,0.3316,0.6248,1,77,23,3.5
20260916,教学,109,0.3333,0.6340,2,77,25,2.0
20260916,教学,110,0.3325,0.6438,2,77,26,3.2
20260916,教学,111,0.3308,0.6529,2,77,23,4.2
20260916,教学,112,0.3343,0.6618,2,77,25,4.7
20260916,教学,113,0.3416,0.6714,2,77,24,4.4
20260916,教学,114,0.3499,0.6817,2,77,26,4.9
20260916,教学,115,0.3573,0.6930,2,77,27,5.6
20260916,教学,116,0.3629,0.7049,2,77,26,5.2
20260916,教学,117,0.3663,0.7177,2,77,25,4.7
20260916,教学,118,0.3669,0.7304,2,77,26,3.9
20260916,教学,119,0.3644,0.7432,2,77,27,2.9
20260916,教学,120,0.3597,0.7559,2,77,26,2.6
20260916,教学,121,0.3553,0.7681,2,77,25,2.6
20260916,教学,122,0.3548,0.7797,2,77,26,2.1
20260916,教学,123,0.3569,0.7919,2,77,26,2.3
20260916,教学,124,0.3586,0.8051,2,77,28,2.4
20260916,教学,125,0.3581,0.8185,2,77,28,2.3
20260916,教学,126,0.3562,0.8311,2,77,28,1.6
20260916,教学,127,0.3550,0.8440,2,77,28,1.4
20260916,教学,128,0.3557,0.8574,2,77,30,0.7
20260916,教学,129,0.3573,0.8714,2,77,30,0.7
20260916,教学,130,0.3587,0.8858,2,77,30,0.5
20260916,教学,131,0.3592,0.8998,2,77,32,0.4
20260916,教学,132,0.3593,0.9137,2,77,34,1.4
20260916,教学,133,0.3597,0.9266,2,77,34,2.1
20260916,教学,134,0.3597,0.9388,2,77,36,2.8
20260916,教学,135,0.3587,0.9506,2,77,35,2.7
20260916,教学,136,0.3571,0.9612,2,77,35,2.7
20260916,教学,137,0.3550,0.9715,2,77,36,3.2
20260916,教学,138,0.3529,0.9814,2,77,35,2.8
20260916,教学,139,0.3503,0.9906,2,77,35,2.5
20260916,教学,140,0.3478,0.9990,2,77,35,2.4
20260916,教学,141,0.3476,1.0060,2,77,36,2.6
20260916,教学,142,0.3494,1.0137,2,77,36,2.5
20260916,教学,143,0.3516,1.0220,2,77,39,3.2
20260916,教学,144,0.3537,1.0309,2,77,38,3.3
20260916,教学,145,0.3552,1.0400,2,77,37,3.4
20260916,教学,146,0.3550,1.0485,2,77,42,4.7
20260916,教学,147,0.3545,1.0570,2,77,43,5.8
20260916,教学,148,0.3547,1.0648,2,77,41,6.7
20260916,教学,149,0.3545,1.0725,2,78,42,7.5
20260916,教学,150,0.3535,1.0803,2,78,42,7.3
20260916,教学,151,0.3517,1.0874,2,78,42,7.2
20260916,教学,152,0.3498,1.0940,2,78,43,7.7
20260916,教学,153,0.3483,1.1008,2,78,42,7.4
20260916,教学,154,0.3462,1.1071,2,78,43,7.1
20260916,教学,155,0.3439,1.1131,2,78,43,7.0
20260916,教学,156,0.3435,1.1185,2,78,43,7.1
20260916,教学,157,0.3450,1.1249,2,78,43,7.0
20260916,教学,158,0.3469,1.1322,2,78,45,8.0
20260916,教学,159,0.3488,1.1402,2,78,44,8.2
20260916,教学,160,0.3500,1.1484,2,78,45,8.5
20260916,教学,161,0.3485,1.1564,2,78,47,9.7
20260916,教学,162,0.3464,1.1641,2,78,44,11.1
20260916,教学,163,0.3460,1.1713,2,78,48,12.6
20260916,教学,164,0.3455,1.1789,2,78,48,13.8
20260916,教学,165,0.3447,1.1867,2,78,48,13.7
20260916,教学,166,0.3431,1.1945,2,78,47,13.7
20260916,教学,167,0.3404,1.2025,3,78,48,14.3
20260916,教学,168,0.3382,1.2107,2,78,47,14.4
20260916,教学,169,0.3347,1.2191,2,78,46,14.5
20260916,教学,170,0.3305,1.2271,3,78,50,14.8
20260916,教学,171,0.3283,1.2362,2,78,50,15.2
20260916,教学,172,0.3260,1.2453,3,78,52,16.4
20260916,教学,173,0.3216,1.2550,3,78,51,17.5
20260916,教学,174,0.3161,1.2651,3,78,51,18.4
20260916,教学,175,0.3095,1.2751,3,78,54,19.7
20260916,教学,176,0.3006,1.2847,3,78,55,21.5
20260916,教学,177,0.2921,1.2955,3,78,53,23.0
20260916,教学,178,0.2838,1.3076,3,78,55,24.3
20260916,教学,179,0.2757,1.3202,3,78,54,27.1
20260916,教学,180,0.2673,1.3346,3,78,53,29.1
20260916,教学,181,0.2582,1.3494,3,78,55,31.4
20260916,教学,182,0.2487,1.3651,3,78,55,34.8
20260916,教学,183,0.2386,1.3824,3,78,53,37.9
20260916,教学,184,0.2271,1.4001,3,78,55,41.8
20260916,教学,185,0.2138,1.4184,3,78,55,46.1
20260916,教学,186,0.2097,1.4330,3,78,56,48.8
20260916,教学,187,0.2158,1.4417,3,78,54,50.4
20260916,教学,188,0.2216,1.4490,3,78,56,52.0
20260916,教学,189,0.2254,1.4563,3,78,56,53.2
20260916,教学,190,0.2282,1.4639,3,78,57,54.1
20260916,教学,191,0.2300,1.4717,3,78,57,55.3
20260916,教学,192,0.2310,1.4805,3,78,56,56.3
20260916,教学,193,0.2318,1.4903,3,78,58,57.2
20260916,教学,194,0.2321,1.4999,3,78,58,59.2
20260916,教学,195,0.2310,1.5091,3,78,57,60.9
20260916,教学,196,0.2292,1.5189,3,78,58,62.4
20260916,教学,197,0.2266,1.5294,3,78,57,64.6
20260916,教学,198,0.2224,1.5404,3,78,57,66.1
20260916,教学,199,0.2170,1.5522,3,78,58,67.5
20260916,教学,200,0.2101,1.5646,3,78,59,68.7
20260916,考试,1,0.1018,0.0015,1,462,41,4.8
20260916,考试,2,0.1055,0.0026,2,440,42,5.6
20260916,考试,3,0.1154,0.0044,1,438,43,4.3
20260916,考试,4,0.1303,0.0088,2,447,45,2.9
20260916,考试,5,0.1517,0.0119,2,440,45,1.4
20260916,考试,6,0.1759,0.0161,2,444,43,0.3
20260916,考试,7,0.2009,0.0235,2,433,45,1.6
20260916,考试,8,0.2243,0.0334,2,454,47,2.2
20260916,考试,9,0.2483,0.0433,2,461,46,2.5
20260916,考试,10,0.2728,0.0525,2,475,45,2.4
20260916,考试,11,0.2971,0.0614,2,474,47,2.8
20260916,考试,12,0.3192,0.0701,2,467,46,2.9
20260916,考试,13,0.3386,0.0779,2,473,47,3.7
20260916,考试,14,0.3538,0.0856,2,477,48,4.3
20260916,考试,15,0.3651,0.0933,2,482,47,4.8
20260916,考试,16,0.3726,0.1007,2,473,48,5.5
20260916,考试,17,0.3758,0.1083,2,471,47,6.1
20260916,考试,18,0.3752,0.1162,2,476,47,6.7
20260916,考试,19,0.3712,0.1240,2,474,47,7.2
20260916,考试,20,0.3655,0.1313,2,488,47,7.2
20260916,考试,21,0.3625,0.1379,2,475,47,6.6
20260916,考试,22,0.3595,0.1447,2,481,47,5.4
20260916,考试,23,0.3546,0.1513,2,484,47,4.8
20260916,考试,24,0.3504,0.1583,2,472,48,4.0
20260916,考试,25,0.3503,0.1659,2,477,49,3.3
20260916,考试,26,0.3519,0.1736,2,487,51,4.2
20260916,考试,27,0.3538,0.1816,2,479,48,5.2
20260916,考试,28,0.3558,0.1892,2,485,50,6.2
20260916,考试,29,0.3567,0.1963,2,487,50,7.3
20260916,考试,30,0.3567,0.2036,2,489,49,7.4
20260916,考试,31,0.3553,0.2107,2,475,50,6.9
20260916,考试,32,0.3526,0.2180,2,473,50,6.7
20260916,考试,33,0.3494,0.2258,2,491,49,5.5
20260916,考试,34,0.3465,0.2334,2,490,49,4.3
20260916,考试,35,0.3447,0.2401,2,484,50,4.3
20260916,考试,36,0.3465,0.2453,2,492,50,4.3
20260916,考试,37,0.3495,0.2508,2,497,51,4.1
20260916,考试,38,0.3522,0.2576,2,496,51,4.8
20260916,考试,39,0.3547,0.2656,2,493,52,4.0
20260916,考试,40,0.3566,0.2741,2,489,53,3.0
20260916,考试,41,0.3572,0.2822,2,492,54,3.6
20260916,考试,42,0.3575,0.2904,2,503,52,4.3
20260916,考试,43,0.3581,0.2981,2,496,53,5.0
20260916,考试,44,0.3580,0.3054,2,503,53,5.7
20260916,考试,45,0.3570,0.3128,2,510,52,5.2
20260916,考试,46,0.3553,0.3199,2,507,53,4.7
20260916,考试,47,0.3526,0.3272,2,503,52,4.0
20260916,考试,48,0.3500,0.3352,2,507,52,3.2
20260916,考试,49,0.3478,0.3428,2,509,52,2.1
20260916,考试,50,0.3469,0.3489,2,506,52,2.0
20260916,考试,51,0.3490,0.3530,2,507,52,2.1
20260916,考试,52,0.3521,0.3573,2,511,52,1.9
20260916,考试,53,0.3550,0.3629,2,511,52,2.0
20260916,考试,54,0.3576,0.3700,2,506,52,0.8
20260916,考试,55,0.3597,0.3782,2,512,53,0.5
20260916,考试,56,0.3609,0.3864,2,500,53,0.4
20260916,考试,57,0.3617,0.3949,2,505,52,0.8
20260916,考试,58,0.3629,0.4029,2,498,53,1.3
20260916,考试,59,0.3632,0.4103,2,504,53,1.8
20260916,考试,60,0.3627,0.4178,2,509,52,1.4
20260916,考试,61,0.3605,0.4248,2,502,53,0.6
20260916,考试,62,0.3578,0.4323,2,516,52,1.0
20260916,考试,63,0.3571,0.4414,2,515,51,1.2
20260916,考试,64,0.3578,0.4520,2,517,50,0.4
20260916,考试,65,0.3566,0.4625,2,528,52,0.8
20260916,考试,66,0.3565,0.4715,2,513,52,1.6
20260916,考试,67,0.3572,0.4803,2,520,53,1.6
20260916,考试,68,0.3580,0.4900,2,498,53,0.8
20260916,考试,69,0.3592,0.5010,2,510,52,0.2
20260916,考试,70,0.3602,0.5131,2,496,54,0.9
20260916,考试,71,0.3605,0.5250,2,504,55,0.6
20260916,考试,72,0.3610,0.5370,2,506,54,0.9
20260916,考试,73,0.3623,0.5480,2,501,54,1.2
20260916,考试,74,0.3631,0.5581,2,510,54,1.8
20260916,考试,75,0.3629,0.5680,2,512,53,1.6
20260916,考试,76,0.3610,0.5773,2,509,54,0.9
20260916,考试,77,0.3580,0.5868,2,521,54,1.1
20260916,考试,78,0.3563,0.5977,2,521,53,1.3
20260916,考试,79,0.3561,0.6099,2,531,53,0.4
20260916,考试,80,0.3548,0.6217,2,526,54,0.8
20260916,考试,81,0.3553,0.6318,2,519,54,1.8
20260916,考试,82,0.3565,0.6418,2,522,54,1.9
20260916,考试,83,0.3573,0.6526,2,518,54,2.1
20260916,考试,84,0.3580,0.6646,2,517,53,1.5
20260916,考试,85,0.3584,0.6773,2,513,55,1.0
20260916,考试,86,0.3583,0.6894,2,513,55,1.8
20260916,考试,87,0.3589,0.7013,2,509,54,2.5
20260916,考试,88,0.3602,0.7123,2,509,54,3.0
20260916,考试,89,0.3606,0.7225,2,522,54,3.9
20260916,考试,90,0.3599,0.7326,2,525,53,3.6
20260916,考试,91,0.3580,0.7421,2,528,55,3.2
20260916,考试,92,0.3548,0.7516,2,525,54,2.8
20260916,考试,93,0.3515,0.7618,2,523,54,2.2
20260916,考试,94,0.3491,0.7716,2,520,54,1.4
20260916,考试,95,0.3480,0.7800,2,526,55,1.6
20260916,考试,96,0.3500,0.7866,2,520,55,2.0
20260916,考试,97,0.3529,0.7933,2,528,55,2.2
20260916,考试,98,0.3551,0.8012,2,525,55,2.6
20260916,考试,99,0.3569,0.8103,2,519,55,1.8
20260916,考试,100,0.3580,0.8200,2,516,56,1.0
20260916,考试,101,0.3583,0.8294,2,525,56,1.6
20260916,考试,102,0.3590,0.8387,2,522,55,2.3
20260916,考试,103,0.3605,0.8474,2,511,56,2.9
20260916,考试,104,0.3611,0.8554,2,526,56,3.7
20260916,考试,105,0.3607,0.8635,2,537,55,3.5
20260916,考试,106,0.3588,0.8711,2,525,56,2.7
20260916,考试,107,0.3557,0.8790,2,531,55,2.4
20260916,考试,108,0.3535,0.8881,2,533,54,2.0
20260916,考试,109,0.3532,0.8982,2,542,54,1.3
20260916,考试,110,0.3523,0.9079,2,531,55,1.6
20260916,考试,111,0.3534,0.9159,2,526,55,2.2
20260916,考试,112,0.3551,0.9238,2,533,55,2.2
20260916,考试,113,0.3563,0.9328,2,530,55,2.7
20260916,考试,114,0.3574,0.9430,2,519,54,1.9
20260916,考试,115,0.3583,0.9539,2,522,56,1.1
20260916,考试,116,0.3585,0.9645,2,528,56,1.8
20260916,考试,117,0.3592,0.9750,2,528,55,2.5
20260916,考试,118,0.3605,0.9848,2,524,56,3.0
20260916,考试,119,0.3609,0.9939,2,530,55,3.9
20260916,考试,120,0.3602,1.0029,2,537,54,3.5
20260916,考试,121,0.3582,1.0114,2,531,56,3.0
20260916,考试,122,0.3550,1.0201,2,539,55,2.4
20260916,考试,123,0.3519,1.0296,2,535,55,1.9
20260916,考试,124,0.3502,1.0392,2,541,55,1.2
20260916,考试,125,0.3493,1.0478,2,540,55,1.2
20260916,考试,126,0.3512,1.0544,2,536,55,1.8
20260916,考试,127,0.3539,1.0611,2,537,55,1.9
20260916,考试,128,0.3559,1.0689,2,537,55,2.0
20260916,考试,129,0.3575,1.0780,2,530,55,1.1
20260916,考试,130,0.3587,1.0880,2,530,56,0.4
20260916,考试,131,0.3592,1.0977,2,524,56,0.9
20260916,考试,132,0.3600,1.1075,2,525,55,1.5
20260916,考试,133,0.3616,1.1164,2,525,57,2.0
20260916,考试,134,0.3624,1.1247,2,528,56,2.7
20260916,考试,135,0.3621,1.1331,2,528,55,2.5
20260916,考试,136,0.3602,1.1409,2,535,57,1.7
20260916,考试,137,0.3570,1.1490,2,544,56,1.7
20260916,考试,138,0.3552,1.1585,2,548,55,1.6
20260916,考试,139,0.3551,1.1693,2,544,54,0.8
20260916,考试,140,0.3541,1.1798,2,556,56,1.0
20260916,考试,141,0.3547,1.1887,2,540,56,1.8
20260916,考试,142,0.3560,1.1974,2,544,56,1.9
20260916,考试,143,0.3570,1.2071,2,542,56,2.1
20260916,考试,144,0.3580,1.2180,2,538,55,1.3
20260916,考试,145,0.3588,1.2298,2,535,57,0.6
20260916,考试,146,0.3591,1.2412,2,536,57,1.3
20260916,考试,147,0.3598,1.2525,2,530,56,2.0
20260916,考试,148,0.3612,1.2629,2,533,56,2.5
20260916,考试,149,0.3618,1.2726,2,538,56,3.2
20260916,考试,150,0.3614,1.2823,2,551,55,3.1
20260916,考试,151,0.3594,1.2914,2,554,57,2.4
20260916,考试,152,0.3562,1.3006,2,551,56,2.2
20260916,考试,153,0.3536,1.3110,2,548,55,1.8
20260916,考试,154,0.3528,1.3223,2,548,54,1.2
20260916,考试,155,0.3519,1.3329,2,556,57,1.6
20260916,考试,156,0.3533,1.3417,2,545,57,2.3
20260916,考试,157,0.3551,1.3506,2,548,58,2.5
20260916,考试,158,0.3563,1.3602,2,548,58,3.0
20260916,考试,159,0.3571,1.3711,2,539,57,2.4
20260916,考试,160,0.3575,1.3825,2,541,59,1.7
20260916,考试,161,0.3573,1.3933,2,549,59,2.5
20260916,考试,162,0.3577,1.4041,2,555,58,3.2
20260916,考试,163,0.3587,1.4141,2,550,59,3.8
20260916,考试,164,0.3588,1.4234,2,551,58,4.7
20260916,考试,165,0.3581,1.4327,2,556,57,4.4
20260916,考试,166,0.3564,1.4415,2,552,59,4.1
20260916,考试,167,0.3535,1.4503,2,556,60,3.6
20260916,考试,168,0.3506,1.4597,2,557,60,2.8
20260916,考试,169,0.3481,1.4685,2,557,60,2.0
20260916,考试,170,0.3469,1.4758,2,556,60,2.0
20260916,考试,171,0.3489,1.4811,2,548,60,2.3
20260916,考试,172,0.3519,1.4868,2,561,60,2.3
20260916,考试,173,0.3545,1.4936,2,556,61,2.7
20260916,考试,174,0.3567,1.5018,2,550,61,1.8
20260916,考试,175,0.3582,1.5107,2,547,62,0.9
20260916,考试,176,0.3589,1.5193,2,559,63,1.4
20260916,考试,177,0.3597,1.5281,2,556,61,2.1
20260916,考试,178,0.3612,1.5362,2,546,62,2.6
20260916,考试,179,0.3618,1.5437,2,554,62,3.3
20260916,考试,180,0.3613,1.5513,2,566,61,3.0
20260916,考试,181,0.3593,1.5585,2,556,62,2.1
20260916,考试,182,0.3562,1.5660,2,563,61,1.9
20260916,考试,183,0.3544,1.5749,2,564,60,1.7
20260916,考试,184,0.3544,1.5850,2,570,60,1.0
20260916,考试,185,0.3536,1.5948,2,568,61,1.2
20260916,考试,186,0.3544,1.6029,2,556,62,1.9
20260916,考试,187,0.3558,1.6109,2,563,62,1.9
20260916,考试,188,0.3569,1.6199,2,560,63,2.1
20260916,考试,189,0.3580,1.6303,2,554,61,1.3
20260916,考试,190,0.3590,1.6415,2,553,63,0.6
20260916,考试,191,0.3594,1.6525,2,553,64,1.2
20260916,考试,192,0.3601,1.6634,2,549,62,1.8
20260916,考试,193,0.3615,1.6736,2,556,63,2.3
20260916,考试,194,0.3621,1.6830,2,552,62,3.0
20260916,考试,195,0.3617,1.6923,2,565,61,2.9
20260916,考试,196,0.3597,1.7011,2,569,63,2.1
20260916,考试,197,0.3564,1.7102,2,566,62,1.9
20260916,考试,198,0.3541,1.7204,2,570,61,1.6
20260916,考试,199,0.3536,1.7317,2,569,60,1.0
20260916,考试,200,0.3527,1.7424,2,572,62,1.4
20260917,出生,1,0.1018,0.0015,0,143,3,4.8
20260917,出生,2,0.1055,0.0027,0,130,3,5.6
20260917,出生,3,0.1101,0.0040,0,136,3,6.6
20260917,出生,4,0.1131,0.0056,0,134,4,5.1
20260917,出生,5,0.1132,0.0074,0,140,4,3.2
20260917,出生,6,0.1097,0.0093,0,149,4,1.6
20260917,出生,7,0.1032,0.0107,0,150,4,0.6
20260917,出生,8,0.0993,0.0126,0,150,4,1.6
20260917,出生,9,0.0968,0.0145,0,142,4,3.2
20260917,出生,10,0.0963,0.0158,0,142,4,4.5
20260917,出生,11,0.0960,0.0160,0,146,4,5.0
20260917,出生,12,0.0960,0.0161,0,149,5,5.2
20260917,出生,13,0.0965,0.0168,0,151,5,4.1
20260917,出生,14,0.0971,0.0182,0,155,5,2.8
20260917,出生,15,0.0992,0.0196,0,155,5,2.1
20260917,出生,16,0.1023,0.0209,0,153,6,1.8
20260917,出生,17,0.1055,0.0223,0,154,6,1.5
20260917,出生,18,0.1081,0.0237,0,158,6,1.3
20260917,出生,19,0.1101,0.0250,0,162,6,1.1
20260917,出生,20,0.1114,0.0260,0,163,6,1.0
20260917,出生,21,0.1123,0.0268,0,163,6,0.9
20260917,出生,22,0.1129,0.0273,0,165,6,0.8
20260917,出生,23,0.1155,0.0284,0,166,6,1.0
20260917,出生,24,0.1212,0.0293,0,170,6,1.2
20260917,出生,25,0.1287,0.0310,0,165,6,0.9
20260917,出生,26,0.1360,0.0321,0,165,5,1.8
20260917,出生,27,0.1418,0.0334,0,165,7,1.9
20260917,出生,28,0.1454,0.0343,0,166,6,3.1
20260917,出生,29,0.1483,0.0351,0,170,8,2.4
20260917,出生,30,0.1507,0.0359,0,178,7,1.5
20260917,天生,1,0.2607,0.0028,1,89,0,5.9
20260917,天生,2,0.2565,0.0040,1,83,0,6.0
20260917,天生,3,0.2508,0.0051,1,84,0,5.4
20260917,天生,4,0.2545,0.0094,1,84,0,4.6
20260917,天生,5,0.2636,0.0148,1,87,0,5.5
20260917,天生,6,0.2745,0.0211,1,87,0,4.2
20260917,天生,7,0.2842,0.0262,1,86,0,4.2
20260917,天生,8,0.2944,0.0306,1,87,0,5.4
20260917,天生,9,0.3053,0.0340,1,87,0,6.6
20260917,天生,10,0.3167,0.0364,1,87,0,7.4
20260917,天生,11,0.3281,0.0382,1,87,0,7.9
20260917,天生,12,0.3387,0.0403,1,86,0,8.5
20260917,天生,13,0.3475,0.0428,1,87,0,8.9
20260917,天生,14,0.3543,0.0460,1,87,0,10.0
20260917,天生,15,0.3595,0.0496,1,87,0,11.3
20260917,天生,16,0.3632,0.0537,1,88,0,12.5
20260917,天生,17,0.3653,0.0585,1,87,0,13.5
20260917,天生,18,0.3666,0.0643,1,88,0,14.6
20260917,天生,19,0.3675,0.0709,1,87,0,14.9
20260917,天生,20,0.3685,0.0779,1,87,0,13.9
20260917,天生,21,0.3694,0.0850,1,86,0,12.2
20260917,天生,22,0.3690,0.0931,1,86,0,10.6
20260917,天生,23,0.3671,0.1021,1,87,0,9.6
20260917,天生,24,0.3640,0.1120,1,86,0,8.7
20260917,天生,25,0.3606,0.1228,1,86,0,7.4
20260917,天生,26,0.3570,0.1341,1,86,0,5.5
20260917,天生,27,0.3514,0.1464,1,86,0,4.4
20260917,天生,28,0.3450,0.1595,1,87,0,4.0
20260917,天生,29,0.3409,0.1728,1,88,0,3.5
20260917,天生,30,0.3392,0.1858,1,88,0,2.2
20260917,教学,1,0.2607,0.0028,1,73,1,5.9
20260917,教学,2,0.2565,0.0040,1,71,1,6.0
20260917,教学,3,0.2485,0.0053,1,71,1,7.3
20260917,教学,4,0.2468,0.0098,1,71,1,6.9
20260917,教学,5,0.2514,0.0165,1,71,1,8.3
20260917,教学,6,0.2585,0.0253,1,73,1,6.9
20260917,教学,7,0.2661,0.0329,1,73,1,6.5
20260917,教学,8,0.2765,0.0397,0,73,1,8.7
20260917,教学,9,0.2849,0.0488,1,73,1,12.7
20260917,教学,10,0.2905,0.0558,1,73,1,13.7
20260917,教学,11,0.2926,0.0618,1,73,1,15.3
20260917,教学,12,0.2930,0.0679,1,73,1,16.7
20260917,教学,13,0.2962,0.0745,1,73,1,17.4
20260917,教学,14,0.3005,0.0817,1,74,1,17.4
20260917,教学,15,0.3038,0.0879,1,75,1,18.3
20260917,教学,16,0.3066,0.0938,0,75,1,18.9
20260917,教学,17,0.3061,0.1018,1,75,1,18.0
20260917,教学,18,0.3029,0.1077,1,75,2,18.4
20260917,教学,19,0.2967,0.1125,1,75,2,19.3
20260917,教学,20,0.2926,0.1167,1,75,2,19.4
20260917,教学,21,0.2930,0.1190,1,75,2,18.9
20260917,教学,22,0.2947,0.1210,1,75,2,18.7
20260917,教学,23,0.2967,0.1231,1,75,2,19.2
20260917,教学,24,0.2990,0.1258,0,75,2,19.0
20260917,教学,25,0.2986,0.1288,1,75,2,16.3
20260917,教学,26,0.2955,0.1311,1,75,3,16.2
20260917,教学,27,0.2904,0.1344,1,75,3,16.6
20260917,教学,28,0.2874,0.1381,1,75,3,15.9
20260917,教学,29,0.2876,0.1421,1,75,3,15.2
20260917,教学,30,0.2901,0.1474,1,76,3,15.7
20260917,教学,31,0.2949,0.1530,1,76,3,17.0
20260917,教学,32,0.3018,0.1582,0,76,3,16.9
20260917,教学,33,0.3059,0.1620,1,76,4,13.9
20260917,教学,34,0.3072,0.1669,1,76,5,14.0
20260917,教学,35,0.3050,0.1728,1,76,5,14.7
20260917,教学,36,0.3018,0.1782,1,76,5,14.6
20260917,教学,37,0.3011,0.1836,1,76,5,14.3
20260917,教学,38,0.3042,0.1882,1,76,5,14.2
20260917,教学,39,0.3088,0.1933,1,76,5,15.2
20260917,教学,40,0.3145,0.1986,0,76,5,15.0
20260917,教学,41,0.3176,0.2023,1,76,7,11.4
20260917,教学,42,0.3178,0.2071,1,77,7,11.4
20260917,教学,43,0.3146,0.2131,1,76,7,12.0
20260917,教学,44,0.3106,0.2187,1,76,7,11.8
20260917,教学,45,0.3089,0.2245,1,77,7,11.4
20260917,教学,46,0.3116,0.2303,1,77,7,12.2
20260917,教学,47,0.3168,0.2362,1,77,7,13.6
20260917,教学,48,0.3235,0.2427,0,77,7,13.5
20260917,教学,49,0.3280,0.2480,1,77,7,9.3
20260917,教学,50,0.3293,0.2545,2,77,8,9.7
20260917,教学,51,0.3278,0.2620,1,77,8,10.6
20260917,教学,52,0.3266,0.2691,2,77,8,10.0
20260917,教学,53,0.3273,0.2767,2,77,8,9.5
20260917,教学,54,0.3317,0.2850,2,77,8,10.1
20260917,教学,55,0.3394,0.2941,2,77,8,11.3
20260917,教学,56,0.3482,0.3045,1,77,8,11.6
20260917,教学,57,0.3560,0.3138,2,77,8,12.3
20260917,教学,58,0.3614,0.3247,2,77,8,13.3
20260917,教学,59,0.3661,0.3365,1,77,8,12.4
20260917,教学,60,0.3706,0.3483,2,77,8,11.0
20260917,教学,61,0.3738,0.3613,2,77,8,10.3
20260917,教学,62,0.3752,0.3745,2,77,8,9.9
20260917,教学,63,0.3748,0.3890,2,77,9,9.3
20260917,教学,64,0.3729,0.4038,1,78,9,7.8
20260917,教学,65,0.3705,0.4169,2,78,9,7.1
20260917,教学,66,0.3677,0.4308,2,78,9,6.6
20260917,教学,67,0.3644,0.4449,1,78,9,4.6
20260917,教学,68,0.3621,0.4583,2,78,9,2.6
20260917,教学,69,0.3616,0.4718,2,78,9,2.0
20260917,教学,70,0.3619,0.4854,2,78,9,2.2
20260917,教学,71,0.3615,0.4990,2,78,9,2.8
20260917,教学,72,0.3586,0.5123,1,78,9,3.3
20260917,教学,73,0.3547,0.5249,2,78,9,4.9
20260917,教学,74,0.3506,0.5384,2,78,10,5.0
20260917,教学,75,0.3491,0.5510,1,78,10,5.5
20260917,教学,76,0.3500,0.5610,2,78,10,10.0
20260917,教学,77,0.3514,0.5710,2,78,10,11.5
20260917,教学,78,0.3527,0.5808,2,78,11,11.2
20260917,教学,79,0.3518,0.5902,2,78,11,11.1
20260917,教学,80,0.3480,0.5990,1,78,11,12.3
20260917,教学,81,0.3421,0.6071,2,78,12,13.0
20260917,教学,82,0.3370,0.6153,2,78,13,13.2
20260917,教学,83,0.3353,0.6229,1,78,13,14.6
20260917,教学,84,0.3358,0.6297,2,78,13,16.5
20260917,教学,85,0.3373,0.6365,3,78,13,16.8
20260917,教学,86,0.3412,0.6438,2,78,12,16.1
20260917,教学,87,0.3439,0.6508,3,78,12,15.8
20260917,教学,88,0.3438,0.6577,2,78,13,15.8
20260917,教学,89,0.3433,0.6647,3,78,12,15.7
20260917,教学,90,0.3429,0.6719,3,78,13,15.2
20260917,教学,91,0.3431,0.6792,2,78,13,16.2
20260917,教学,92,0.3427,0.6862,3,78,13,16.6
20260917,教学,93,0.3404,0.6933,3,78,13,16.7
20260917,教学,94,0.3390,0.7010,2,78,12,16.9
20260917,教学,95,0.3371,0.7086,3,78,13,18.0
20260917,教学,96,0.3336,0.7164,2,78,13,19.4
20260917,教学,97,0.3325,0.7253,3,78,13,20.2
20260917,教学,98,0.3327,0.7353,3,78,12,20.6
20260917,教学,99,0.3330,0.7456,2,78,13,22.7
20260917,教学,100,0.3320,0.7562,3,78,13,24.2
20260917,教学,101,0.3291,0.7672,3,78,13,25.5
20260917,教学,102,0.3261,0.7795,2,78,15,27.2
20260917,教学,103,0.3208,0.7918,3,78,18,29.7
20260917,教学,104,0.3137,0.8047,2,78,19,32.6
20260917,教学,105,0.3060,0.8192,3,78,18,35.2
20260917,教学,106,0.2978,0.8351,3,78,18,37.7
20260917,教学,107,0.2878,0.8515,2,78,19,41.4
20260917,教学,108,0.2757,0.8686,3,78,21,45.6
20260917,教学,109,0.2607,0.8860,4,78,21,49.9
20260917,教学,110,0.2430,0.9043,2,78,21,54.3
20260917,教学,111,0.2224,0.9230,3,78,21,59.7
20260917,教学,112,0.1985,0.9416,3,78,22,66.1
20260917,教学,113,0.1712,0.9603,3,78,21,72.5
20260917,教学,114,0.1591,0.9767,4,78,21,77.5
20260917,教学,115,0.1526,0.9934,2,78,22,82.4
20260917,教学,116,0.1525,1.0067,3,78,22,85.9
20260917,教学,117,0.1572,1.0169,4,78,22,88.6
20260917,教学,118,0.1602,1.0262,2,78,24,91.5
20260917,教学,119,0.1608,1.0349,3,78,24,94.3
20260917,教学,120,0.1592,1.0429,3,78,25,97.5
20260917,教学,121,0.1564,1.0511,3,78,24,100.1
20260917,教学,122,0.1552,1.0583,4,78,24,102.5
20260917,教学,123,0.1549,1.0644,2,78,24,105.4
20260917,教学,124,0.1542,1.0710,3,78,24,107.7
20260917,教学,125,0.1543,1.0767,4,78,24,109.7
20260917,教学,126,0.1528,1.0826,2,78,25,111.9
20260917,教学,127,0.1515,1.0886,3,78,24,113.9
20260917,教学,128,0.1499,1.0942,3,78,25,116.8
20260917,教学,129,0.1479,1.1008,3,78,25,119.2
20260917,教学,130,0.1455,1.1078,4,78,26,121.6
20260917,教学,131,0.1425,1.1145,2,78,27,125.0
20260917,教学,132,0.1388,1.1226,3,78,26,128.0
20260917,教学,133,0.1342,1.1311,4,78,26,131.2
20260917,教学,134,0.1286,1.1400,2,78,27,134.7
20260917,教学,135,0.1217,1.1495,3,78,26,138.7
20260917,教学,136,0.1134,1.1589,3,78,27,144.0
20260917,教学,137,0.1044,1.1679,3,78,28,149.6
20260917,教学,138,0.0932,1.1772,4,78,27,155.7
20260917,教学,139,0.0793,1.1867,2,78,28,162.7
20260917,教学,140,0.0665,1.1965,3,78,26,170.7
20260917,教学,141,0.0559,1.2063,4,78,29,179.4
20260917,教学,142,0.0578,1.2120,2,78,29,174.6
20260917,教学,143,0.0651,1.2149,3,78,28,172.0
20260917,教学,144,0.0715,1.2177,3,78,30,170.2
20260917,教学,145,0.0745,1.2202,3,78,30,169.3
20260917,教学,146,0.0744,1.2225,4,78,29,168.9
20260917,教学,147,0.0735,1.2233,3,78,31,169.2
20260917,教学,148,0.0697,1.2256,4,78,33,171.7
20260917,教学,149,0.0651,1.2280,4,78,35,174.7
20260917,教学,150,0.0591,1.2307,4,78,33,177.8
20260917,教学,151,0.0562,1.2336,4,78,34,179.0
20260917,教学,152,0.0577,1.2352,4,78,33,177.5
20260917,教学,153,0.0594,1.2362,4,78,34,176.6
20260917,教学,154,0.0606,1.2363,4,78,35,176.8
20260917,教学,155,0.0620,1.2370,4,78,36,177.5
20260917,教学,156,0.0635,1.2380,4,78,35,178.1
20260917,教学,157,0.0619,1.2391,4,78,36,178.8
20260917,教学,158,0.0590,1.2403,4,78,36,179.0
20260917,教学,159,0.0569,1.2411,4,78,37,179.0
20260917,教学,160,0.0571,1.2415,4,78,37,179.4
20260917,教学,161,0.0575,1.2421,4,78,39,179.9
20260917,教学,162,0.0577,1.2422,4,78,40,179.9
20260917,教学,163,0.0578,1.2423,4,78,42,179.9
20260917,教学,164,0.0579,1.2423,4,78,42,179.9
20260917,教学,165,0.0579,1.2424,4,78,43,180.0
20260917,教学,166,0.0579,1.2424,4,78,46,180.0
20260917,教学,167,0.0579,1.2424,4,78,46,180.0
20260917,教学,168,0.0579,1.2424,4,78,47,180.0
20260917,教学,169,0.0579,1.2424,4,78,48,180.0
20260917,教学,170,0.0578,1.2425,4,78,48,179.9
20260917,教学,171,0.0595,1.2431,4,78,49,179.5
20260917,教学,172,0.0609,1.2438,4,78,49,179.1
20260917,教学,173,0.0603,1.2443,4,78,49,179.3
20260917,教学,174,0.0578,1.2451,4,78,49,179.9
20260917,教学,175,0.0568,1.2454,4,78,49,179.7
20260917,教学,176,0.0572,1.2455,4,78,49,179.8
20260917,教学,177,0.0575,1.2456,4,78,51,179.9
20260917,教学,178,0.0578,1.2457,4,78,52,180.0
20260917,教学,179,0.0602,1.2464,4,78,54,179.3
20260917,教学,180,0.0621,1.2470,4,78,54,178.8
20260917,教学,181,0.0618,1.2473,4,78,54,178.8
20260917,教学,182,0.0593,1.2481,4,78,54,179.4
20260917,教学,183,0.0569,1.2489,4,78,54,179.7
20260917,教学,184,0.0570,1.2490,4,78,55,179.8
20260917,教学,185,0.0574,1.2491,4,78,55,179.9
20260917,教学,186,0.0578,1.2492,4,78,56,180.0
20260917,教学,187,0.0602,1.2499,4,78,57,179.3
20260917,教学,188,0.0621,1.2504,4,78,57,178.8
20260917,教学,189,0.0619,1.2507,4,78,58,178.8
20260917,教学,190,0.0596,1.2514,4,78,58,179.4
20260917,教学,191,0.0568,1.2523,4,78,58,179.7
20260917,教学,192,0.0569,1.2524,4,78,59,179.7
20260917,教学,193,0.0573,1.2525,4,78,61,179.8
20260917,教学,194,0.0577,1.2526,4,78,61,180.0
20260917,教学,195,0.0601,1.2533,4,78,62,179.3
20260917,教学,196,0.0622,1.2539,4,78,62,178.8
20260917,教学,197,0.0619,1.2542,4,78,63,178.7
20260917,教学,198,0.0596,1.2550,4,78,63,179.3
20260917,教学,199,0.0568,1.2559,4,78,64,179.6
20260917,教学,200,0.0569,1.2561,4,78,64,179.7
20260917,考试,1,0.1018,0.0015,1,452,45,4.8
20260917,考试,2,0.1055,0.0026,2,426,42,5.6
20260917,考试,3,0.1139,0.0061,2,433,47,5.2
20260917,考试,4,0.1290,0.0105,3,432,48,4.4
20260917,考试,5,0.1471,0.0183,2,434,50,4.2
20260917,考试,6,0.1670,0.0297,3,434,47,4.8
20260917,考试,7,0.1882,0.0441,3,431,47,6.1
20260917,考试,8,0.2102,0.0614,2,449,50,7.5
20260917,考试,9,0.2318,0.0812,3,453,51,8.6
20260917,考试,10,0.2517,0.1030,2,466,51,9.4
20260917,考试,11,0.2692,0.1253,3,468,51,9.2
20260917,考试,12,0.2837,0.1484,3,455,49,8.8
20260917,考试,13,0.2939,0.1716,2,457,51,8.4
20260917,考试,14,0.3023,0.1933,3,464,52,6.5
20260917,考试,15,0.3052,0.2159,3,473,47,6.0
20260917,考试,16,0.3034,0.2387,2,463,50,5.5
20260917,考试,17,0.2976,0.2611,3,461,50,4.7
20260917,考试,18,0.2878,0.2836,2,439,49,4.0
20260917,考试,19,0.2743,0.3057,3,441,50,3.3
20260917,考试,20,0.2570,0.3282,3,471,49,2.7
20260917,考试,21,0.2356,0.3504,2,452,50,1.7
20260917,考试,22,0.2120,0.3717,3,448,50,2.2
20260917,考试,23,0.1888,0.3945,3,462,50,5.1
20260917,考试,24,0.1672,0.4178,2,454,51,10.1
20260917,考试,25,0.1538,0.4308,3,479,52,13.0
20260917,考试,26,0.1547,0.4326,2,470,52,12.4
20260917,考试,27,0.1551,0.4359,3,448,52,11.5
20260917,考试,28,0.1541,0.4383,3,435,50,10.5
20260917,考试,29,0.1515,0.4402,2,435,51,9.6
20260917,考试,30,0.1486,0.4418,3,456,53,9.1
20260917,考试,31,0.1457,0.4436,3,460,51,8.9
20260917,考试,32,0.1422,0.4454,2,446,53,8.4
20260917,考试,33,0.1392,0.4469,3,460,54,7.9
20260917,考试,34,0.1377,0.4476,2,451,54,7.7
20260917,考试,35,0.1355,0.4485,3,451,52,7.6
20260917,考试,36,0.1347,0.4490,3,441,52,7.5
20260917,考试,37,0.1326,0.4499,2,471,52,6.8
20260917,考试,38,0.1311,0.4509,3,471,54,6.3
20260917,考试,39,0.1299,0.4515,3,451,53,6.0
20260917,考试,40,0.1283,0.4524,2,459,54,5.7
20260917,考试,41,0.1270,0.4531,3,461,54,5.4
20260917,考试,42,0.1257,0.4536,2,454,55,5.1
20260917,考试,43,0.1252,0.4539,3,447,54,5.0
20260917,考试,44,0.1262,0.4544,3,443,53,5.2
20260917,考试,45,0.1258,0.4550,2,480,55,4.8
20260917,考试,46,0.1273,0.4558,3,475,56,4.9
20260917,考试,47,0.1284,0.4571,3,478,53,5.2
20260917,考试,48,0.1285,0.4574,2,477,55,5.2
20260917,考试,49,0.1283,0.4576,3,468,55,5.2
20260917,考试,50,0.1277,0.4579,2,445,55,5.2
20260917,考试,51,0.1274,0.4583,3,458,55,5.3
20260917,考试,52,0.1270,0.4588,3,455,54,5.5
20260917,考试,53,0.1258,0.4592,2,475,55,5.3
20260917,考试,54,0.1265,0.4596,3,477,56,5.4
20260917,考试,55,0.1262,0.4607,3,477,55,5.4
20260917,考试,56,0.1265,0.4615,2,485,56,5.6
20260917,考试,57,0.1270,0.4615,3,489,55,5.6
20260917,考试,58,0.1269,0.4618,2,460,56,5.6
20260917,考试,59,0.1270,0.4623,3,459,55,5.8
20260917,考试,60,0.1267,0.4629,3,456,56,6.0
20260917,考试,61,0.1257,0.4633,2,462,57,5.9
20260917,考试,62,0.1254,0.4636,3,480,58,5.9
20260917,考试,63,0.1250,0.4642,3,471,56,6.2
20260917,考试,64,0.1252,0.4646,2,464,56,6.4
20260917,考试,65,0.1250,0.4649,3,493,57,6.4
20260917,考试,66,0.1263,0.4654,2,461,57,6.5
20260917,考试,67,0.1274,0.4655,3,492,56,6.6
20260917,考试,68,0.1278,0.4660,3,458,55,7.0
20260917,考试,69,0.1273,0.4663,2,478,56,6.9
20260917,考试,70,0.1271,0.4666,3,476,57,6.9
20260917,考试,71,0.1270,0.4672,3,483,56,7.3
20260917,考试,72,0.1260,0.4678,2,465,56,7.4
20260917,考试,73,0.1251,0.4685,3,473,56,7.4
20260917,考试,74,0.1255,0.4689,2,463,57,7.7
20260917,考试,75,0.1259,0.4692,3,489,57,7.8
20260917,考试,76,0.1277,0.4699,3,471,56,8.0
20260917,考试,77,0.1279,0.4701,2,498,58,7.7
20260917,考试,78,0.1280,0.4702,3,479,57,7.7
20260917,考试,79,0.1280,0.4706,3,482,56,7.9
20260917,考试,80,0.1273,0.4709,2,466,56,8.0
20260917,考试,81,0.1265,0.4714,3,467,56,8.0
20260917,考试,82,0.1255,0.4718,2,466,57,8.0
20260917,考试,83,0.1252,0.4723,3,464,56,8.2
20260917,考试,84,0.1264,0.4730,3,473,56,8.5
20260917,考试,85,0.1263,0.4732,2,500,57,8.2
20260917,考试,86,0.1278,0.4739,3,482,57,8.1
20260917,考试,87,0.1286,0.4752,3,487,56,8.1
20260917,考试,88,0.1282,0.4755,2,489,56,8.1
20260917,考试,89,0.1278,0.4759,3,467,56,8.0
20260917,考试,90,0.1271,0.4762,2,465,57,8.0
20260917,考试,91,0.1266,0.4767,3,464,56,8.3
20260917,考试,92,0.1262,0.4772,3,463,55,8.5
20260917,考试,93,0.1251,0.4776,2,482,56,8.4
20260917,考试,94,0.1260,0.4781,3,483,57,8.4
20260917,考试,95,0.1263,0.4792,3,486,56,8.4
20260917,考试,96,0.1271,0.4800,2,497,58,8.4
20260917,考试,97,0.1276,0.4803,3,504,57,8.3
20260917,考试,98,0.1274,0.4805,2,467,57,8.2
20260917,考试,99,0.1273,0.4808,3,463,57,8.4
20260917,考试,100,0.1270,0.4813,3,461,55,8.6
20260917,考试,101,0.1260,0.4817,2,468,57,8.5
20260917,考试,102,0.1256,0.4819,3,486,57,8.5
20260917,考试,103,0.1253,0.4824,3,478,56,8.8
20260917,考试,104,0.1257,0.4828,2,470,57,8.9
20260917,考试,105,0.1258,0.4830,3,502,57,8.9
20260917,考试,106,0.1270,0.4834,2,469,57,9.0
20260917,考试,107,0.1280,0.4835,3,499,59,9.0
20260917,考试,108,0.1281,0.4839,3,466,55,9.2
20260917,考试,109,0.1273,0.4842,2,477,57,9.0
20260917,考试,110,0.1270,0.4844,3,484,57,9.0
20260917,考试,111,0.1267,0.4849,3,491,56,9.3
20260917,考试,112,0.1258,0.4854,2,473,57,9.4
20260917,考试,113,0.1250,0.4860,3,491,57,9.5
20260917,考试,114,0.1255,0.4863,2,477,56,9.6
20260917,考试,115,0.1262,0.4865,3,504,57,9.7
20260917,考试,116,0.1281,0.4872,3,487,55,9.9
20260917,考试,117,0.1283,0.4875,2,516,58,9.5
20260917,考试,118,0.1283,0.4877,3,490,57,9.4
20260917,考试,119,0.1284,0.4879,3,492,56,9.6
20260917,考试,120,0.1276,0.4882,2,473,57,9.6
20260917,考试,121,0.1268,0.4888,3,476,56,9.6
20260917,考试,122,0.1259,0.4891,2,480,56,9.7
20260917,考试,123,0.1256,0.4894,3,478,56,9.8
20260917,考试,124,0.1269,0.4902,3,490,55,10.1
20260917,考试,125,0.1268,0.4903,2,518,57,9.7
20260917,考试,126,0.1284,0.4911,3,501,56,9.6
20260917,考试,127,0.1293,0.4923,3,497,57,9.6
20260917,考试,128,0.1287,0.4926,2,502,57,9.5
20260917,考试,129,0.1282,0.4930,3,476,56,9.4
20260917,考试,130,0.1276,0.4933,2,464,56,9.5
20260917,考试,131,0.1271,0.4938,3,472,57,9.7
20260917,考试,132,0.1267,0.4942,3,477,55,9.9
20260917,考试,133,0.1255,0.4946,2,490,57,9.8
20260917,考试,134,0.1265,0.4951,3,506,57,9.8
20260917,考试,135,0.1268,0.4962,3,506,56,9.8
20260917,考试,136,0.1277,0.4970,2,517,58,9.7
20260917,考试,137,0.1281,0.4973,3,522,58,9.5
20260917,考试,138,0.1279,0.4976,2,478,58,9.5
20260917,考试,139,0.1278,0.4979,3,476,58,9.6
20260917,考试,140,0.1275,0.4983,3,479,55,9.9
20260917,考试,141,0.1264,0.4987,2,484,57,9.7
20260917,考试,142,0.1260,0.4989,3,509,57,9.7
20260917,考试,143,0.1257,0.4994,3,501,58,10.0
20260917,考试,144,0.1260,0.4997,2,495,59,10.1
20260917,考试,145,0.1261,0.4999,3,521,59,10.1
20260917,考试,146,0.1274,0.5004,2,486,59,10.1
20260917,考试,147,0.1285,0.5005,3,520,61,10.1
20260917,考试,148,0.1286,0.5008,3,484,57,10.3
20260917,考试,149,0.1277,0.5012,2,484,59,10.2
20260917,考试,150,0.1273,0.5014,3,505,59,10.1
20260917,考试,151,0.1270,0.5019,3,512,58,10.4
20260917,考试,152,0.1260,0.5023,2,499,59,10.5
20260917,考试,153,0.1252,0.5029,3,512,59,10.6
20260917,考试,154,0.1260,0.5032,2,491,59,10.7
20260917,考试,155,0.1267,0.5033,3,519,60,10.8
20260917,考试,156,0.1285,0.5041,3,501,58,11.0
20260917,考试,157,0.1287,0.5044,2,527,61,10.6
20260917,考试,158,0.1287,0.5046,3,512,59,10.4
20260917,考试,159,0.1288,0.5048,3,513,58,10.6
20260917,考试,160,0.1280,0.5051,2,499,59,10.7
20260917,考试,161,0.1272,0.5056,3,501,58,10.7
20260917,考试,162,0.1263,0.5061,2,494,59,10.7
20260917,考试,163,0.1260,0.5064,3,500,59,10.9
20260917,考试,164,0.1273,0.5071,3,504,58,11.1
20260917,考试,165,0.1274,0.5074,2,530,60,10.7
20260917,考试,166,0.1289,0.5081,3,513,59,10.6
20260917,考试,167,0.1297,0.5094,3,516,59,10.5
20260917,考试,168,0.1292,0.5097,2,521,59,10.4
20260917,考试,169,0.1287,0.5101,3,501,58,10.3
20260917,考试,170,0.1280,0.5104,2,485,58,10.4
20260917,考试,171,0.1275,0.5108,3,493,59,10.5
20260917,考试,172,0.1269,0.5113,3,490,57,10.8
20260917,考试,173,0.1257,0.5117,2,501,59,10.6
20260917,考试,174,0.1267,0.5123,3,519,59,10.6
20260917,考试,175,0.1270,0.5133,3,520,58,10.6
20260917,考试,176,0.1279,0.5141,2,533,60,10.5
20260917,考试,177,0.1284,0.5144,3,540,60,10.3
20260917,考试,178,0.1282,0.5147,2,495,59,10.3
20260917,考试,179,0.1281,0.5150,3,493,59,10.4
20260917,考试,180,0.1278,0.5154,3,488,57,10.7
20260917,考试,181,0.1267,0.5158,2,496,59,10.5
20260917,考试,182,0.1262,0.5160,3,524,59,10.5
20260917,考试,183,0.1259,0.5165,3,516,58,10.8
20260917,考试,184,0.1263,0.5169,2,510,59,10.9
20260917,考试,185,0.1264,0.5170,3,544,59,10.8
20260917,考试,186,0.1277,0.5175,2,503,59,10.9
20260917,考试,187,0.1287,0.5176,3,542,61,10.9
20260917,考试,188,0.1288,0.5180,3,499,57,11.0
20260917,考试,189,0.1279,0.5184,2,515,59,10.9
20260917,考试,190,0.1276,0.5185,3,526,59,10.8
20260917,考试,191,0.1273,0.5190,3,521,58,11.2
20260917,考试,192,0.1263,0.5195,2,514,59,11.3
20260917,考试,193,0.1255,0.5200,3,534,59,11.3
20260917,考试,194,0.1261,0.5203,2,509,59,11.4
20260917,考试,195,0.1269,0.5204,3,541,61,11.5
20260917,考试,196,0.1288,0.5212,3,521,59,11.6
20260917,考试,197,0.1289,0.5215,2,551,63,11.2
20260917,考试,198,0.1290,0.5217,3,533,61,11.0
20260917,考试,199,0.1290,0.5219,3,536,60,11.2
20260917,考试,200,0.1283,0.5222,2,508,61,11.3
20260918,出生,1,0.1018,0.0015,0,176,4,4.8
20260918,出生,2,0.1055,0.0026,0,165,4,5.6
20260918,出生,3,0.1115,0.0039,0,162,3,5.6
20260918,出生,4,0.1144,0.0048,0,172,4,4.0
20260918,出生,5,0.1144,0.0055,0,179,4,2.5
20260918,出生,6,0.1108,0.0063,0,182,5,1.9
20260918,出生,7,0.1040,0.0076,0,182,5,1.2
20260918,出生,8,0.0994,0.0092,0,182,5,1.6
20260918,出生,9,0.0994,0.0111,0,182,4,2.0
20260918,出生,10,0.1004,0.0121,0,186,5,2.5
20260918,出生,11,0.1008,0.0124,0,185,5,2.2
20260918,出生,12,0.1009,0.0126,0,184,5,1.9
20260918,出生,13,0.1029,0.0134,0,184,6,1.4
20260918,出生,14,0.1047,0.0139,0,192,6,1.1
20260918,出生,15,0.1068,0.0154,0,189,6,1.0
20260918,出生,16,0.1089,0.0176,0,191,6,0.7
20260918,出生,17,0.1108,0.0201,0,196,6,0.4
20260918,出生,18,0.1123,0.0227,0,200,6,0.2
20260918,出生,19,0.1134,0.0252,0,202,6,0.4
20260918,出生,20,0.1142,0.0272,0,202,6,0.7
20260918,出生,21,0.1148,0.0289,0,201,6,1.0
20260918,出生,22,0.1152,0.0301,0,204,7,1.1
20260918,出生,23,0.1177,0.0322,0,204,7,1.1
20260918,出生,24,0.1249,0.0324,0,215,7,1.3
20260918,出生,25,0.1329,0.0326,0,212,7,0.9
20260918,出生,26,0.1412,0.0332,0,204,8,0.8
20260918,出生,27,0.1479,0.0347,0,211,8,0.9
20260918,出生,28,0.1525,0.0369,0,213,8,1.0
20260918,出生,29,0.1555,0.0405,0,220,9,1.2
20260918,出生,30,0.1565,0.0437,0,221,9,1.1
20260918,天生,1,0.2607,0.0028,1,99,0,5.9
20260918,天生,2,0.2565,0.0040,1,96,0,6.0
20260918,天生,3,0.2513,0.0045,1,96,0,5.8
20260918,天生,4,0.2552,0.0068,1,97,0,5.1
20260918,天生,5,0.2664,0.0087,1,98,0,4.2
20260918,天生,6,0.2790,0.0106,1,96,0,2.3
20260918,天生,7,0.2904,0.0113,1,98,0,0.5
20260918,天生,8,0.3011,0.0126,1,99,0,2.1
20260918,天生,9,0.3108,0.0154,1,100,0,4.2
20260918,天生,10,0.3192,0.0195,1,100,0,5.9
20260918,天生,11,0.3273,0.0241,1,99,0,6.6
20260918,天生,12,0.3349,0.0288,1,97,0,6.6
20260918,天生,13,0.3413,0.0335,1,97,0,5.4
20260918,天生,14,0.3457,0.0391,1,98,0,4.2
20260918,天生,15,0.3485,0.0457,1,99,0,3.7
20260918,天生,16,0.3501,0.0531,1,99,0,3.7
20260918,天生,17,0.3518,0.0615,1,99,0,3.7
20260918,天生,18,0.3526,0.0709,1,99,0,4.2
20260918,天生,19,0.3525,0.0811,1,98,0,4.3
20260918,天生,20,0.3509,0.0924,1,99,0,3.9
20260918,天生,21,0.3477,0.1033,1,99,0,1.7
20260918,天生,22,0.3416,0.1149,1,98,0,0.4
20260918,天生,23,0.3371,0.1274,1,99,0,1.2
20260918,天生,24,0.3367,0.1400,1,99,0,1.7
20260918,天生,25,0.3384,0.1516,1,99,0,1.7
20260918,天生,26,0.3397,0.1625,1,97,0,1.7
20260918,天生,27,0.3404,0.1723,1,97,0,2.1
20260918,天生,28,0.3426,0.1803,1,99,0,3.0
20260918,天生,29,0.3448,0.1876,1,99,0,4.1
20260918,天生,30,0.3467,0.1958,1,98,0,4.0
20260918,教学,1,0.2607,0.0028,1,74,5,5.9
20260918,教学,2,0.2565,0.0040,0,74,5,6.0
20260918,教学,3,0.2477,0.0069,1,74,5,11.5
20260918,教学,4,0.2360,0.0079,0,74,7,10.3
20260918,教学,5,0.2206,0.0108,1,74,5,14.4
20260918,教学,6,0.2048,0.0111,0,74,7,12.2
20260918,教学,7,0.1937,0.0119,1,74,6,17.7
20260918,教学,8,0.1951,0.0183,0,74,7,15.3
20260918,教学,9,0.1989,0.0242,1,74,6,19.9
20260918,教学,10,0.2047,0.0305,0,74,7,18.1
20260918,教学,11,0.2068,0.0351,1,74,7,21.6
20260918,教学,12,0.2088,0.0425,1,74,8,18.1
20260918,教学,13,0.2104,0.0484,1,74,6,14.2
20260918,教学,14,0.2175,0.0507,1,74,7,10.3
20260918,教学,15,0.2287,0.0525,1,74,7,8.9
20260918,教学,16,0.2412,0.0546,1,74,7,6.4
20260918,教学,17,0.2533,0.0562,1,74,7,4.7
20260918,教学,18,0.2658,0.0564,1,74,7,5.9
20260918,教学,19,0.2790,0.0570,1,74,7,7.5
20260918,教学,20,0.2920,0.0578,1,74,8,8.5
20260918,教学,21,0.3038,0.0586,1,74,8,9.1
20260918,教学,22,0.3134,0.0600,1,74,9,9.6
20260918,教学,23,0.3213,0.0619,1,74,11,9.8
20260918,教学,24,0.3270,0.0650,1,74,11,10.2
20260918,教学,25,0.3317,0.0685,1,75,11,10.4
20260918,教学,26,0.3349,0.0726,1,75,10,10.4
20260918,教学,27,0.3363,0.0777,1,75,10,10.6
20260918,教学,28,0.3368,0.0836,1,75,11,10.8
20260918,教学,29,0.3365,0.0904,1,75,11,10.7
20260918,教学,30,0.3350,0.0981,1,75,11,10.1
20260918,教学,31,0.3330,0.1051,1,75,12,8.4
20260918,教学,32,0.3297,0.1127,1,75,12,6.5
20260918,教学,33,0.3249,0.1213,1,76,12,5.0
20260918,教学,34,0.3209,0.1307,1,75,12,4.3
20260918,教学,35,0.3223,0.1389,1,76,12,4.1
20260918,教学,36,0.3274,0.1450,1,76,12,4.0
20260918,教学,37,0.3323,0.1496,1,76,12,4.1
20260918,教学,38,0.3361,0.1530,1,76,13,4.5
20260918,教学,39,0.3378,0.1565,1,76,13,5.7
20260918,教学,40,0.3385,0.1600,1,76,13,6.2
20260918,教学,41,0.3381,0.1628,1,76,13,7.6
20260918,教学,42,0.3391,0.1656,1,76,13,8.4
20260918,教学,43,0.3394,0.1684,1,76,12,9.9
20260918,教学,44,0.3391,0.1724,1,76,14,10.0
20260918,教学,45,0.3365,0.1775,1,77,13,9.9
20260918,教学,46,0.3322,0.1815,1,77,14,7.9
20260918,教学,47,0.3269,0.1859,1,77,14,4.7
20260918,教学,48,0.3212,0.1914,1,77,13,3.2
20260918,教学,49,0.3187,0.1983,1,77,13,3.5
20260918,教学,50,0.3219,0.2041,1,76,14,3.5
20260918,教学,51,0.3272,0.2102,1,77,14,3.5
20260918,教学,52,0.3319,0.2162,1,77,14,3.7
20260918,教学,53,0.3345,0.2216,1,77,14,4.2
20260918,教学,54,0.3342,0.2277,1,78,14,5.2
20260918,教学,55,0.3327,0.2336,1,78,14,5.2
20260918,教学,56,0.3315,0.2385,1,78,16,5.6
20260918,教学,57,0.3304,0.2421,2,78,16,6.4
20260918,教学,58,0.3311,0.2457,1,78,16,6.6
20260918,教学,59,0.3318,0.2489,2,78,15,8.1
20260918,教学,60,0.3309,0.2530,2,78,15,8.0
20260918,教学,61,0.3301,0.2574,2,78,15,6.2
20260918,教学,62,0.3314,0.2635,2,78,15,4.4
20260918,教学,63,0.3346,0.2715,2,78,15,4.7
20260918,教学,64,0.3398,0.2803,2,78,17,4.4
20260918,教学,65,0.3458,0.2902,2,78,17,3.7
20260918,教学,66,0.3514,0.3010,2,78,18,3.3
20260918,教学,67,0.3562,0.3136,2,78,18,3.4
20260918,教学,68,0.3596,0.3272,2,78,19,3.3
20260918,教学,69,0.3609,0.3413,2,78,17,3.1
20260918,教学,70,0.3609,0.3560,2,78,18,3.2
20260918,教学,71,0.3604,0.3709,2,78,19,3.1
20260918,教学,72,0.3609,0.3864,2,78,19,2.6
20260918,教学,73,0.3623,0.4034,2,78,20,2.7
20260918,教学,74,0.3631,0.4213,2,78,19,2.5
20260918,教学,75,0.3612,0.4394,2,78,20,2.1
20260918,教学,76,0.3571,0.4570,2,78,19,2.0
20260918,教学,77,0.3532,0.4742,2,78,19,1.6
20260918,教学,78,0.3526,0.4903,2,78,20,0.2
20260918,教学,79,0.3552,0.5069,2,78,20,0.1
20260918,教学,80,0.3585,0.5241,2,78,20,0.9
20260918,教学,81,0.3601,0.5410,2,78,21,0.7
20260918,教学,82,0.3605,0.5578,2,78,22,0.6
20260918,教学,83,0.3606,0.5736,2,78,20,1.1
20260918,教学,84,0.3603,0.5884,2,78,21,1.7
20260918,教学,85,0.3594,0.6028,2,78,21,1.5
20260918,教学,86,0.3574,0.6159,2,78,21,1.6
20260918,教学,87,0.3548,0.6284,2,78,22,2.1
20260918,教学,88,0.3518,0.6406,2,78,22,1.9
20260918,教学,89,0.3487,0.6520,2,78,22,2.0
20260918,教学,90,0.3458,0.6618,2,78,23,2.2
20260918,教学,91,0.3456,0.6698,2,78,21,2.3
20260918,教学,92,0.3466,0.6779,2,78,22,1.8
20260918,教学,93,0.3488,0.6863,2,78,21,2.3
20260918,教学,94,0.3526,0.6962,2,78,22,2.4
20260918,教学,95,0.3561,0.7068,2,78,22,2.4
20260918,教学,96,0.3579,0.7170,2,78,22,3.1
20260918,教学,97,0.3587,0.7272,2,78,23,3.8
20260918,教学,98,0.3595,0.7368,2,78,22,4.5
20260918,教学,99,0.3595,0.7458,2,78,24,5.2
20260918,教学,100,0.3585,0.7550,2,78,25,4.8
20260918,教学,101,0.3565,0.7631,2,78,25,4.7
20260918,教学,102,0.3540,0.7709,2,78,27,5.0
20260918,教学,103,0.3515,0.7788,2,78,27,4.4
20260918,教学,104,0.3487,0.7859,2,78,27,4.0
20260918,教学,105,0.3461,0.7919,2,78,27,3.7
20260918,教学,106,0.3463,0.7968,2,78,28,3.3
20260918,教学,107,0.3471,0.8020,2,78,27,2.7
20260918,教学,108,0.3496,0.8076,2,78,26,3.3
20260918,教学,109,0.3536,0.8144,2,78,28,3.0
20260918,教学,110,0.3570,0.8222,2,78,27,2.4
20260918,教学,111,0.3591,0.8301,2,78,27,2.9
20260918,教学,112,0.3608,0.8385,2,78,29,3.5
20260918,教学,113,0.3627,0.8466,2,78,28,4.1
20260918,教学,114,0.3634,0.8542,2,78,30,4.6
20260918,教学,115,0.3623,0.8622,2,78,30,3.8
20260918,教学,116,0.3594,0.8695,2,78,29,2.9
20260918,教学,117,0.3554,0.8767,2,78,30,2.6
20260918,教学,118,0.3510,0.8843,2,78,32,1.5
20260918,教学,119,0.3465,0.8918,2,78,31,1.2
20260918,教学,120,0.3431,0.8985,2,78,34,0.9
20260918,教学,121,0.3442,0.9031,2,78,35,0.6
20260918,教学,122,0.3481,0.9079,2,78,33,0.3
20260918,教学,123,0.3537,0.9138,2,78,32,1.3
20260918,教学,124,0.3600,0.9213,2,78,33,1.5
20260918,教学,125,0.3656,0.9302,2,78,34,2.1
20260918,教学,126,0.3694,0.9402,2,78,33,2.4
20260918,教学,127,0.3712,0.9517,2,78,35,2.8
20260918,教学,128,0.3704,0.9640,2,78,36,2.9
20260918,教学,129,0.3667,0.9763,2,78,36,2.5
20260918,教学,130,0.3625,0.9889,2,78,36,2.2
20260918,教学,131,0.3597,1.0013,2,78,35,1.8
20260918,教学,132,0.3600,1.0135,3,78,36,1.1
20260918,教学,133,0.3616,1.0268,2,78,36,1.5
20260918,教学,134,0.3625,1.0410,2,78,36,1.7
20260918,教学,135,0.3608,1.0554,3,78,38,1.5
20260918,教学,136,0.3592,1.0696,2,78,37,1.2
20260918,教学,137,0.3585,1.0838,3,78,36,0.8
20260918,教学,138,0.3599,1.0987,3,78,38,1.0
20260918,教学,139,0.3618,1.1148,3,78,38,0.8
20260918,教学,140,0.3630,1.1319,3,78,40,0.7
20260918,教学,141,0.3619,1.1493,3,78,41,0.5
20260918,教学,142,0.3592,1.1667,3,78,42,1.5
20260918,教学,143,0.3565,1.1840,3,78,42,2.6
20260918,教学,144,0.3534,1.2010,3,78,44,3.1
20260918,教学,145,0.3495,1.2180,3,78,46,3.2
20260918,教学,146,0.3448,1.2339,3,78,45,4.0
20260918,教学,147,0.3400,1.2496,3,78,47,5.0
20260918,教学,148,0.3364,1.2652,3,78,49,6.0
20260918,教学,149,0.3326,1.2804,3,78,48,7.3
20260918,教学,150,0.3294,1.2949,3,78,49,9.6
20260918,教学,151,0.3272,1.3100,3,78,48,11.9
20260918,教学,152,0.3241,1.3258,3,78,47,14.4
20260918,教学,153,0.3185,1.3418,3,78,47,16.6
20260918,教学,154,0.3112,1.3579,3,78,46,19.2
20260918,教学,155,0.3024,1.3742,3,78,45,22.5
20260918,教学,156,0.2919,1.3905,3,78,46,26.1
20260918,教学,157,0.2810,1.4084,3,78,48,29.8
20260918,教学,158,0.2698,1.4279,3,78,50,33.7
20260918,教学,159,0.2616,1.4449,3,78,51,37.2
20260918,教学,160,0.2664,1.4521,3,78,52,38.7
20260918,教学,161,0.2725,1.4574,3,78,52,39.7
20260918,教学,162,0.2771,1.4627,3,78,52,40.7
20260918,教学,163,0.2802,1.4679,3,78,54,41.6
20260918,教学,164,0.2825,1.4739,3,78,53,42.6
20260918,教学,165,0.2840,1.4801,3,78,53,43.4
20260918,教学,166,0.2847,1.4863,3,78,53,44.1
20260918,教学,167,0.2844,1.4928,3,78,53,44.5
20260918,教学,168,0.2830,1.4995,3,78,53,44.9
20260918,教学,169,0.2805,1.5068,3,78,56,45.0
20260918,教学,170,0.2775,1.5146,3,78,55,45.1
20260918,教学,171,0.2737,1.5229,3,78,56,45.3
20260918,教学,172,0.2696,1.5317,3,78,56,45.4
20260918,教学,173,0.2659,1.5407,3,78,56,45.6
20260918,教学,174,0.2612,1.5495,3,78,57,46.4
20260918,教学,175,0.2541,1.5583,3,78,59,47.0
20260918,教学,176,0.2482,1.5687,3,78,58,48.1
20260918,教学,177,0.2420,1.5800,3,78,58,50.0
20260918,教学,178,0.2337,1.5919,3,78,60,51.6
20260918,教学,179,0.2269,1.6044,3,78,59,53.4
20260918,教学,180,0.2249,1.6172,3,78,59,54.6
20260918,教学,181,0.2226,1.6302,3,78,59,55.3
20260918,教学,182,0.2190,1.6436,3,78,59,56.5
20260918,教学,183,0.2141,1.6574,4,78,61,58.4
20260918,教学,184,0.2070,1.6717,3,78,63,60.3
20260918,教学,185,0.1991,1.6872,4,78,61,62.6
20260918,教学,186,0.1895,1.7032,4,78,64,65.6
20260918,教学,187,0.1790,1.7201,4,78,64,68.7
20260918,教学,188,0.1678,1.7376,4,78,64,72.1
20260918,教学,189,0.1562,1.7555,4,78,64,76.9
20260918,教学,190,0.1516,1.7694,4,78,64,81.5
20260918,教学,191,0.1541,1.7795,4,78,65,85.4
20260918,教学,192,0.1553,1.7884,4,78,66,90.3
20260918,教学,193,0.1548,1.7968,4,78,66,94.3
20260918,教学,194,0.1552,1.8052,4,78,65,97.8
20260918,教学,195,0.1551,1.8138,4,78,65,101.2
20260918,教学,196,0.1556,1.8218,4,78,65,103.6
20260918,教学,197,0.1555,1.8294,4,78,66,105.8
20260918,教学,198,0.1549,1.8362,4,78,66,108.6
20260918,教学,199,0.1539,1.8429,4,78,68,111.0
20260918,教学,200,0.1526,1.8499,4,78,68,113.2
20260918,考试,1,0.1018,0.0015,1,499,38,4.8
20260918,考试,2,0.1055,0.0026,2,473,36,5.6
20260918,考试,3,0.1144,0.0054,2,473,43,4.7
20260918,考试,4,0.1327,0.0059,3,480,46,3.0
20260918,考试,5,0.1545,0.0068,2,477,45,1.7
20260918,考试,6,0.1774,0.0114,3,477,45,1.7
20260918,考试,7,0.2036,0.0158,3,482,46,2.2
20260918,考试,8,0.2325,0.0198,3,494,48,3.1
20260918,考试,9,0.2620,0.0250,3,496,47,3.5
20260918,考试,10,0.2892,0.0309,3,498,47,3.2
20260918,考试,11,0.3140,0.0373,3,505,49,3.2
20260918,考试,12,0.3354,0.0438,3,520,46,3.2
20260918,考试,13,0.3519,0.0503,3,509,46,2.5
20260918,考试,14,0.3636,0.0577,3,499,48,2.7
20260918,考试,15,0.3717,0.0651,3,507,48,3.7
20260918,考试,16,0.3760,0.0717,3,511,48,4.3
20260918,考试,17,0.3765,0.0785,3,499,47,5.1
20260918,考试,18,0.3736,0.0850,3,513,47,5.1
20260918,考试,19,0.3677,0.0918,3,517,48,4.3
20260918,考试,20,0.3607,0.1000,3,514,47,3.4
20260918,考试,21,0.3560,0.1094,3,516,47,2.4
20260918,考试,22,0.3562,0.1190,3,513,47,1.7
20260918,考试,23,0.3571,0.1289,3,515,48,1.2
20260918,考试,24,0.3570,0.1397,3,520,47,1.1
20260918,考试,25,0.3558,0.1508,3,520,47,1.2
20260918,考试,26,0.3541,0.1619,3,523,48,1.5
20260918,考试,27,0.3537,0.1727,3,536,45,1.7
20260918,考试,28,0.3556,0.1823,3,531,45,2.8
20260918,考试,29,0.3570,0.1918,3,533,47,4.3
20260918,考试,30,0.3574,0.2014,3,523,48,4.9
20260918,考试,31,0.3565,0.2101,3,522,51,4.6
20260918,考试,32,0.3548,0.2187,3,529,50,3.9
20260918,考试,33,0.3534,0.2266,3,520,50,3.5
20260918,考试,34,0.3534,0.2341,3,532,51,4.4
20260918,考试,35,0.3542,0.2417,3,537,51,4.6
20260918,考试,36,0.3556,0.2483,3,529,52,4.5
20260918,考试,37,0.3560,0.2551,3,533,51,4.6
20260918,考试,38,0.3542,0.2621,3,528,51,5.0
20260918,考试,39,0.3508,0.2697,3,528,49,5.6
20260918,考试,40,0.3464,0.2774,3,535,49,6.6
20260918,考试,41,0.3423,0.2853,3,525,52,7.3
20260918,考试,42,0.3399,0.2935,3,530,49,7.5
20260918,考试,43,0.3389,0.3013,3,534,49,8.8
20260918,考试,44,0.3378,0.3093,3,532,51,10.2
20260918,考试,45,0.3374,0.3176,3,529,51,10.5
20260918,考试,46,0.3370,0.3253,3,523,52,10.1
20260918,考试,47,0.3366,0.3330,3,532,52,9.9
20260918,考试,48,0.3369,0.3405,3,533,52,10.6
20260918,考试,49,0.3382,0.3483,3,536,54,12.3
20260918,考试,50,0.3395,0.3569,3,536,51,13.2
20260918,考试,51,0.3400,0.3652,3,532,52,14.2
20260918,考试,52,0.3384,0.3738,3,542,51,15.4
20260918,考试,53,0.3338,0.3825,3,529,52,16.6
20260918,考试,54,0.3269,0.3908,3,529,50,18.1
20260918,考试,55,0.3195,0.3992,3,533,51,19.8
20260918,考试,56,0.3126,0.4089,3,529,53,20.8
20260918,考试,57,0.3066,0.4200,3,537,51,21.7
20260918,考试,58,0.3010,0.4321,3,532,50,23.4
20260918,考试,59,0.2955,0.4450,3,541,52,25.6
20260918,考试,60,0.2899,0.4593,3,542,51,26.8
20260918,考试,61,0.2838,0.4737,3,532,52,28.2
20260918,考试,62,0.2772,0.4889,3,531,54,30.1
20260918,考试,63,0.2700,0.5046,3,534,53,32.9
20260918,考试,64,0.2622,0.5212,3,529,54,36.8
20260918,考试,65,0.2533,0.5393,3,531,53,40.7
20260918,考试,66,0.2425,0.5580,3,527,53,45.0
20260918,考试,67,0.2367,0.5744,3,539,51,48.9
20260918,考试,68,0.2377,0.5900,3,532,51,52.0
20260918,考试,69,0.2374,0.6056,3,541,51,55.2
20260918,考试,70,0.2387,0.6206,3,526,52,58.1
20260918,考试,71,0.2402,0.6353,3,527,54,60.5
20260918,考试,72,0.2409,0.6509,3,530,51,62.7
20260918,考试,73,0.2403,0.6666,3,533,50,65.7
20260918,考试,74,0.2382,0.6819,3,527,53,68.9
20260918,考试,75,0.2345,0.6973,3,535,52,71.2
20260918,考试,76,0.2294,0.7134,3,530,53,73.2
20260918,考试,77,0.2227,0.7298,3,533,53,75.2
20260918,考试,78,0.2142,0.7465,3,530,53,76.9
20260918,考试,79,0.2039,0.7630,3,532,54,79.3
20260918,考试,80,0.1915,0.7799,3,535,51,80.9
20260918,考试,81,0.1779,0.7975,3,528,52,81.8
20260918,考试,82,0.1624,0.8148,3,529,53,82.8
20260918,考试,83,0.1511,0.8292,3,531,53,83.8
20260918,考试,84,0.1544,0.8342,3,535,52,84.6
20260918,考试,85,0.1583,0.8370,3,535,52,86.5
20260918,考试,86,0.1598,0.8401,3,528,55,87.8
20260918,考试,87,0.1591,0.8436,3,540,51,88.9
20260918,考试,88,0.1564,0.8470,3,544,51,90.9
20260918,考试,89,0.1547,0.8492,3,535,54,92.8
20260918,考试,90,0.1552,0.8506,3,533,53,93.7
20260918,考试,91,0.1548,0.8527,3,528,54,94.1
20260918,考试,92,0.1551,0.8535,3,542,54,94.3
20260918,考试,93,0.1553,0.8539,3,532,54,94.4
20260918,考试,94,0.1552,0.8545,3,534,55,95.0
20260918,考试,95,0.1552,0.8552,3,547,53,94.6
20260918,考试,96,0.1555,0.8557,3,524,54,93.4
20260918,考试,97,0.1555,0.8565,3,546,55,92.2
20260918,考试,98,0.1555,0.8577,3,537,53,91.0
20260918,考试,99,0.1557,0.8595,3,539,53,89.9
20260918,考试,100,0.1557,0.8619,3,536,54,89.2
20260918,考试,101,0.1559,0.8642,3,536,55,87.9
20260918,考试,102,0.1556,0.8668,3,540,54,86.4
20260918,考试,103,0.1554,0.8709,3,541,53,86.1
20260918,考试,104,0.1552,0.8765,3,534,54,85.7
20260918,考试,105,0.1551,0.8807,3,523,54,84.4
20260918,考试,106,0.1550,0.8832,3,536,56,83.1
20260918,考试,107,0.1553,0.8849,3,540,55,82.4
20260918,考试,108,0.1552,0.8852,3,529,55,82.2
20260918,考试,109,0.1548,0.8861,3,548,56,83.0
20260918,考试,110,0.1551,0.8877,3,557,55,83.5
20260918,考试,111,0.1549,0.8903,3,545,56,83.3
20260918,考试,112,0.1549,0.8919,3,554,56,83.0
20260918,考试,113,0.1549,0.8924,3,552,56,82.7
20260918,考试,114,0.1552,0.8927,3,548,55,82.3
20260918,考试,115,0.1548,0.8935,3,520,55,81.8
20260918,考试,116,0.1549,0.8941,3,519,57,80.9
20260918,考试,117,0.1544,0.8948,3,558,55,80.0
20260918,考试,118,0.1545,0.8959,3,548,53,80.4
20260918,考试,119,0.1551,0.8967,3,545,55,81.8
20260918,考试,120,0.1550,0.8971,3,549,55,83.3
20260918,考试,121,0.1548,0.8985,3,539,56,84.2
20260918,考试,122,0.1551,0.8998,3,548,56,84.8
20260918,考试,123,0.1553,0.9014,3,544,56,85.4
20260918,考试,124,0.1553,0.9022,3,551,58,86.6
20260918,考试,125,0.1554,0.9027,3,557,55,86.8
20260918,考试,126,0.1555,0.9040,3,551,56,86.3
20260918,考试,127,0.1554,0.9046,3,560,56,85.6
20260918,考试,128,0.1553,0.9049,3,562,56,84.8
20260918,考试,129,0.1555,0.9060,3,551,55,84.1
20260918,考试,130,0.1553,0.9080,3,543,56,83.6
20260918,考试,131,0.1551,0.9100,3,544,58,82.5
20260918,考试,132,0.1547,0.9123,3,555,57,81.1
20260918,考试,133,0.1546,0.9154,3,551,55,80.8
20260918,考试,134,0.1556,0.9176,3,550,56,81.5
20260918,考试,135,0.1558,0.9184,3,553,56,82.6
20260918,考试,136,0.1551,0.9194,3,546,57,83.4
20260918,考试,137,0.1548,0.9205,3,545,57,84.2
20260918,考试,138,0.1551,0.9217,3,546,58,84.8
20260918,考试,139,0.1553,0.9221,3,553,60,86.0
20260918,考试,140,0.1553,0.9225,3,565,57,86.2
20260918,考试,141,0.1554,0.9239,3,557,58,85.6
20260918,考试,142,0.1553,0.9244,3,567,57,84.9
20260918,考试,143,0.1553,0.9248,3,567,58,84.1
20260918,考试,144,0.1554,0.9260,3,554,57,83.3
20260918,考试,145,0.1551,0.9281,3,530,56,82.8
20260918,考试,146,0.1549,0.9301,3,550,59,81.6
20260918,考试,147,0.1546,0.9322,3,558,58,80.3
20260918,考试,148,0.1547,0.9343,3,559,58,80.2
20260918,考试,149,0.1554,0.9354,3,556,58,81.3
20260918,考试,150,0.1557,0.9357,3,551,58,82.7
20260918,考试,151,0.1548,0.9374,3,553,59,83.6
20260918,考试,152,0.1550,0.9390,3,558,59,84.4
20260918,考试,153,0.1553,0.9407,3,556,59,85.1
20260918,考试,154,0.1553,0.9416,3,555,61,86.4
20260918,考试,155,0.1554,0.9422,3,572,58,86.7
20260918,考试,156,0.1555,0.9437,3,562,59,86.2
20260918,考试,157,0.1554,0.9444,3,573,59,85.5
20260918,考试,158,0.1553,0.9446,3,577,60,84.9
20260918,考试,159,0.1555,0.9456,3,562,59,84.1
20260918,考试,160,0.1552,0.9471,3,556,58,83.5
20260918,考试,161,0.1552,0.9490,3,556,61,82.4
20260918,考试,162,0.1546,0.9511,3,569,60,81.0
20260918,考试,163,0.1546,0.9541,3,567,59,80.9
20260918,考试,164,0.1556,0.9562,3,563,59,81.6
20260918,考试,165,0.1558,0.9572,3,565,60,82.8
20260918,考试,166,0.1551,0.9582,3,544,62,83.6
20260918,考试,167,0.1548,0.9593,3,560,62,84.2
20260918,考试,168,0.1552,0.9605,3,560,61,84.9
20260918,考试,169,0.1553,0.9608,3,566,63,86.0
20260918,考试,170,0.1553,0.9611,3,569,61,86.2
20260918,考试,171,0.1553,0.9625,3,570,63,85.6
20260918,考试,172,0.1553,0.9630,3,581,62,84.8
20260918,考试,173,0.1553,0.9635,3,582,63,84.1
20260918,考试,174,0.1554,0.9647,3,569,62,83.3
20260918,考试,175,0.1551,0.9668,3,546,61,82.8
20260918,考试,176,0.1549,0.9688,3,564,64,81.6
20260918,考试,177,0.1545,0.9709,3,568,64,80.3
20260918,考试,178,0.1548,0.9730,3,572,65,80.2
20260918,考试,179,0.1555,0.9741,3,569,65,81.4
20260918,考试,180,0.1556,0.9745,3,564,65,82.7
20260918,考试,181,0.1547,0.9761,2,565,66,83.7
20260918,考试,182,0.1551,0.9781,2,570,65,84.7
20260918,考试,183,0.1554,0.9800,2,569,64,85.5
20260918,考试,184,0.1554,0.9811,2,570,67,86.9
20260918,考试,185,0.1556,0.9814,2,586,66,86.8
20260918,考试,186,0.1554,0.9822,2,589,67,86.8
20260918,考试,187,0.1554,0.9830,2,591,64,86.9
20260918,考试,188,0.1555,0.9840,2,580,67,86.4
20260918,考试,189,0.1554,0.9843,2,590,67,85.8
20260918,考试,190,0.1554,0.9849,2,587,67,86.0
20260918,考试,191,0.1556,0.9859,2,579,68,85.1
20260918,考试,192,0.1552,0.9873,2,573,69,83.9
20260918,考试,193,0.1551,0.9904,2,575,67,83.9
20260918,考试,194,0.1552,0.9941,2,572,67,84.1
20260918,考试,195,0.1551,0.9968,2,570,68,84.4
20260918,考试,196,0.1553,0.9971,2,568,70,85.0
20260918,考试,197,0.1553,0.9982,2,579,68,85.9
20260918,考试,198,0.1552,0.9998,2,574,69,86.4
20260918,考试,199,0.1553,1.0005,2,582,71,87.4
20260918,考试,200,0.1553,1.0009,2,599,70,87.1
